date,start_time,end_time,time,year,month,hours_fishing,time_period,season,location,air_temp,weather,wind_level,wind_dir,trolling_speed,water_depth,fish_length,fish_type,crew_count,hook_rate
2010-03-18,2010-03-18 17:35:00,2010-03-18 19:25:00,2010-03-18 18:30:00,2010.0,3.0,1.8333333333333333,evening,spring,Upper Harbor,55.0,Partly Cloudy,1.5,NorthWest,2.7,34.0,20.0,Coho,1.0,0.5454545454545455
2010-03-20,2010-03-20 10:30:00,2010-03-20 19:30:00,2010-03-20 18:30:00,2010.0,3.0,9.0,evening,spring,Lower Harbor,32.6,Clear,6.1,NorthEast,2.66,35.2,19.8,Coho,1.0,0.5555555555555556
2010-03-21,2010-03-21 16:05:00,2010-03-21 18:55:00,2010-03-21 18:30:00,2010.0,3.0,2.8333333333333335,evening,spring,Upper Harbor,39.0,Clear,3.5,NorthEast,2.8,83.0,20.0,Coho,1.0,0.7058823529411764
2010-03-23,2010-03-23 16:35:00,2010-03-23 18:25:00,2010-03-23 17:30:00,2010.0,3.0,1.8333333333333333,afternoon,spring,Lower Harbor Lighthouse,42.0,Clear,0.5,NorthEast,2.8,65.0,29.0,Lake Trout,1.0,0.5454545454545455
2010-04-01,2010-04-01 17:35:00,2010-04-01 19:25:00,2010-04-01 18:30:00,2010.0,4.0,1.8333333333333333,evening,spring,Lower Harbor Lighthouse,55.0,Clear,0.5,NorthEast,2.7,65.0,22.0,Lake Trout,1.0,0.5454545454545455
2010-04-03,2010-04-03 11:01:15,2010-04-03 13:43:45,2010-04-03 12:15:00,2010.0,4.0,2.7083333333333335,afternoon,spring,Lower Harbor Lighthouse,62.0,Overcast,8.5,SouthWest,2.7999999999999994,68.33333333333333,23.666666666666668,Lake Trout,1.0,1.1076923076923075
2010-04-04,2010-04-04 12:20:00,2010-04-04 14:10:00,2010-04-04 13:15:00,2010.0,4.0,1.8333333333333333,afternoon,spring,Lower Harbor Lighthouse,48.0,Rain,10.0,SouthWest,2.8,65.0,27.0,Lake Trout,1.0,0.5454545454545455
2010-04-05,2010-04-05 13:12:30,2010-04-05 15:17:30,2010-04-05 14:30:00,2010.0,4.0,2.0833333333333335,afternoon,spring,Lower Harbor Lighthouse,55.0,Partly Cloudy,3.5,SouthEast,2.7,67.0,24.0,Lake Trout,1.0,0.96
2010-04-18,2010-04-18 15:35:00,2010-04-18 17:25:00,2010-04-18 16:30:00,2010.0,4.0,1.8333333333333333,afternoon,spring,Lower Harbor Lighthouse,55.0,Clear,8.5,NorthEast,2.7,68.0,26.0,Lake Trout,1.0,0.5454545454545455
2010-04-19,2010-04-19 17:00:00,2010-04-19 19:30:00,2010-04-19 17:30:00,2010.0,4.0,2.5,afternoon,spring,Lower Harbor Lighthouse,51.0,Overcast,1.5,NorthEast,2.8,68.0,24.0,Lake Trout,1.0,0.8
2010-05-03,2010-05-03 14:42:30,2010-05-03 16:47:30,2010-05-03 16:00:00,2010.0,5.0,2.0833333333333335,afternoon,spring,Lower Harbor Lighthouse,51.0,Partly Cloudy,3.5,NorthEast,2.7,67.0,25.5,Lake Trout,1.0,0.96
2010-05-16,2010-05-16 08:00:00,2010-05-16 11:00:00,2010-05-16 10:30:00,2010.0,5.0,3.0,morning,spring,Lower Harbor Lighthouse,55.0,Clear,1.5,SouthEast,2.8,68.0,25.5,Lake Trout,2.0,0.6666666666666666
2010-05-18,2010-05-18 09:00:00,2010-05-18 16:00:00,2010-05-18 14:00:00,2010.0,5.0,7.0,afternoon,spring,Upper Harbor,64.0,Clear,0.5,NorthEast,2.5,95.33333333333333,22.666666666666668,Coho,2.0,0.42857142857142855
2010-05-22,2010-05-22 06:30:00,2010-05-22 10:30:00,2010-05-22 10:30:00,2010.0,5.0,3.8333333333333335,morning,spring,Lower Harbor Lighthouse,56.5,Partly Cloudy,3.5,SouthWest,2.8666666666666667,66.33333333333333,21.333333333333332,Coho,2.0,1.5714285714285714
2010-05-29,2010-05-29 06:30:00,2010-05-29 10:30:00,2010-05-29 08:00:00,2010.0,5.0,3.5714285714285716,morning,spring,Shot Point,58.857142857142854,Clear,1.9285714285714286,SouthEast,2.742857142857143,67.57142857142857,23.571428571428573,Lake Trout,2.0,2.0
2010-05-31,2010-05-31 16:30:00,2010-05-31 20:30:00,2010-05-31 18:00:00,2010.0,5.0,4.0,evening,spring,Shot Point,64.0,Clear,1.5,NorthEast,2.3499999999999996,73.0,25.0,Lake Trout,2.0,0.5
2010-06-05,2010-06-05 07:00:00,2010-06-05 12:30:00,2010-06-05 10:00:00,2010.0,6.0,5.5,morning,summer,Lower Harbor Lighthouse,55.0,Overcast,5.5,North,2.8,73.5,22.0,Lake Trout,3.0,0.36363636363636365
2010-06-10,2010-06-10 18:00:00,2010-06-10 21:00:00,2010-06-10 19:30:00,2010.0,6.0,3.0,evening,summer,Lower Harbor Lighthouse,58.0,Overcast,5.5,NorthEast,2.6333333333333333,62.333333333333336,19.333333333333332,Coho,2.0,1.0
2010-06-12,2010-06-12 12:00:00,2010-06-12 15:00:00,2010-06-12 14:45:00,2010.0,6.0,3.0,afternoon,summer,Lower Harbor Breakwall,60.0,Overcast,3.5,NorthEast,2.6,46.0,19.5,Steelhead,2.0,0.6666666666666666
2010-06-13,2010-06-13 07:00:00,2010-06-13 12:00:00,2010-06-13 10:30:00,2010.0,6.0,5.0,morning,summer,Lower Harbor Lighthouse,60.0,Overcast,1.5,NorthEast,2.8,72.75,23.0,Lake Trout,2.0,0.8
2010-06-17,2010-06-17 11:00:00,2010-06-17 18:30:00,2010-06-17 18:15:00,2010.0,6.0,7.5,evening,summer,White Rocks,67.0,Partly Cloudy,10.0,SouthEast,2.1,142.5,31.5,Lake Trout,3.0,0.26666666666666666
2010-06-26,2010-06-26 17:00:00,2010-06-26 17:30:00,2010-06-26 17:30:00,2010.0,6.0,0.5,afternoon,summer,Lower Harbor Lighthouse,64.0,Fog,1.5,SouthEast,2.8,72.0,24.0,Coho,1.0,2.0
2010-06-27,2010-06-27 16:30:00,2010-06-27 21:30:00,2010-06-27 18:00:00,2010.0,6.0,5.0,evening,summer,Lower Harbor Lighthouse,64.0,Partly Cloudy,1.5,West,2.8,72.0,24.0,Coho,2.0,0.2
2010-07-01,2010-07-01 08:30:00,2010-07-01 11:30:00,2010-07-01 11:15:00,2010.0,7.0,3.0,morning,summer,White Rocks,64.0,Partly Cloudy,7.0,SouthEast,2.4333333333333336,109.66666666666667,24.666666666666668,Coho,3.3333333333333335,1.0
2010-07-05,2010-07-05 08:00:00,2010-07-05 13:30:00,2010-07-05 10:00:00,2010.0,7.0,5.5,morning,summer,White Rocks,67.0,Overcast,2.5,NorthWest,2.2666666666666666,129.33333333333334,26.0,Lake Trout,3.0,0.7272727272727272
2010-07-06,2010-07-06 18:00:00,2010-07-06 21:30:00,2010-07-06 19:00:00,2010.0,7.0,3.5,evening,summer,Lower Harbor Breakwall,67.0,Partly Cloudy,1.5,South,2.7,58.0,25.0,Lake Trout,2.0,0.5714285714285714
2010-07-07,2010-07-07 18:30:00,2010-07-07 20:30:00,2010-07-07 19:30:00,2010.0,7.0,2.0,evening,summer,Lower Harbor Breakwall,69.0,Partly Cloudy,2.5,East,2.7,58.0,23.0,Lake Trout,1.0,1.0
2010-07-11,2010-07-11 10:30:00,2010-07-11 15:30:00,2010-07-11 15:00:00,2010.0,7.0,5.0,morning,summer,Lower Harbor Lighthouse,67.0,Overcast,9.25,SouthWest,2.7,56.5,23.0,Lake Trout,2.0,0.6
2010-07-12,2010-07-12 19:30:00,2010-07-12 21:45:00,2010-07-12 21:00:00,2010.0,7.0,2.25,night,summer,Lower Harbor Breakwall,64.0,Clear,3.5,SouthEast,2.8,59.0,20.5,Coho,2.0,0.8888888888888888
2010-07-13,2010-07-13 19:00:00,2010-07-13 21:30:00,2010-07-13 21:00:00,2010.0,7.0,2.5,night,summer,Lower Harbor Lighthouse,72.0,Clear,2.5,East,2.7,62.0,21.25,Lake Trout,3.0,2.0
2010-07-18,2010-07-18 11:30:00,2010-07-18 16:00:00,2010-07-18 14:30:00,2010.0,7.0,4.5,afternoon,summer,Lower Harbor Lighthouse,67.25,Partly Cloudy,1.5,SouthEast,2.7,68.0,22.75,Lake Trout,2.0,1.1111111111111112
2010-07-19,2010-07-19 18:30:00,2010-07-19 21:45:00,2010-07-19 20:30:00,2010.0,7.0,3.25,evening,summer,Lower Harbor Breakwall,66.42857142857143,Partly Cloudy,3.2142857142857144,SouthEast,2.6142857142857143,59.0,22.0,Lake Trout,2.0,3.076923076923077
2010-07-20,2010-07-20 19:00:00,2010-07-20 22:00:00,2010-07-20 20:45:00,2010.0,7.0,3.0,evening,summer,Lower Harbor Breakwall,72.0,Clear,3.5,NorthEast,2.6,57.25,21.75,Lake Trout,2.0,2.0
2010-07-22,2010-07-22 07:00:00,2010-07-22 10:30:00,2010-07-22 09:45:00,2010.0,7.0,3.9,morning,summer,Lower Harbor Breakwall,62.8,Overcast,1.6,SouthWest,2.685,58.05,21.6,Coho,3.0,3.8158730158730156
2010-07-23,2010-07-23 07:00:00,2010-07-23 10:00:00,2010-07-23 08:30:00,2010.0,7.0,3.0,morning,summer,Lower Harbor Breakwall,64.0,Partly Cloudy,2.5,West,2.7999999999999994,59.666666666666664,22.5,Lake Trout,2.0,2.6666666666666665
2010-07-24,2010-07-24 07:00:00,2010-07-24 12:00:00,2010-07-24 10:00:00,2010.0,7.0,5.0,morning,summer,Lower Harbor Breakwall,64.0,Overcast,2.5,NorthWest,2.8333333333333335,54.333333333333336,23.666666666666668,Lake Trout,2.0,1.2
2010-07-25,2010-07-25 07:00:00,2010-07-25 12:00:00,2010-07-25 11:15:00,2010.0,7.0,5.0,morning,summer,Lower Harbor Lighthouse,69.0,Clear,7.0,North,2.2,160.0,24.0,Lake Trout,2.0,0.4
2010-07-31,2010-07-31 07:00:00,2010-07-31 12:00:00,2010-07-31 09:30:00,2010.0,7.0,5.0,morning,summer,White Rocks,64.0,Overcast,1.5,SouthWest,2.566666666666667,123.66666666666667,24.5,Lake Trout,3.0,1.3999999999999997
2010-08-01,2010-08-01 07:00:00,2010-08-01 13:00:00,2010-08-01 11:00:00,2010.0,8.0,6.0,morning,summer,White Rocks,67.0,Clear,1.5,NorthWest,2.5,130.0,26.0,Lake Trout,2.0,0.16666666666666666
2010-08-07,2010-08-07 17:30:00,2010-08-07 21:00:00,2010-08-07 18:30:00,2010.0,8.0,3.5,evening,summer,White Rocks,67.0,Clear,1.5,NorthEast,2.5,150.0,32.0,Lake Trout,4.0,0.2857142857142857
2010-08-08,2010-08-08 08:30:00,2010-08-08 11:00:00,2010-08-08 10:00:00,2010.0,8.0,2.5,morning,summer,Lower Harbor Lighthouse,67.0,Overcast,1.5,East,2.8,70.5,24.0,Lake Trout,1.0,0.8
2010-08-12,2010-08-12 17:30:00,2010-08-12 21:00:00,2010-08-12 20:00:00,2010.0,8.0,3.5,evening,summer,White Rocks,67.0,Partly Cloudy,1.5,SouthEast,2.6,160.0,24.0,Lake Trout,2.0,0.5714285714285714
2010-08-14,2010-08-14 17:30:00,2010-08-14 21:00:00,2010-08-14 19:30:00,2010.0,8.0,3.5,evening,summer,White Rocks,67.0,Clear,1.5,NorthWest,2.5,160.0,24.0,Lake Trout,3.0,0.2857142857142857
2010-08-19,2010-08-19 17:30:00,2010-08-19 21:00:00,2010-08-19 19:15:00,2010.0,8.0,3.5,evening,summer,White Rocks,67.0,Clear,1.5,NorthWest,2.5,160.0,18.0,Lake Trout,3.0,0.2857142857142857
2010-08-22,2010-08-22 19:00:00,2010-08-22 21:00:00,2010-08-22 19:30:00,2010.0,8.0,2.0,evening,summer,Lower Harbor Lighthouse,67.0,Clear,1.5,NorthWest,2.7,72.0,23.0,Coho,1.0,0.5
2010-08-24,2010-08-24 18:00:00,2010-08-24 21:00:00,2010-08-24 20:30:00,2010.0,8.0,3.0,evening,summer,Lower Harbor Lighthouse,67.0,Partly Cloudy,1.5,NorthWest,2.7,66.5,23.0,Coho,2.0,0.6666666666666666
2010-08-28,2010-08-28 08:30:00,2010-08-28 11:30:00,2010-08-28 10:30:00,2010.0,8.0,3.0,morning,summer,Lower Harbor Lighthouse,72.0,Clear,8.5,SouthWest,2.6,72.0,24.0,Coho,4.0,1.0
2010-09-05,2010-09-05 07:30:00,2010-09-05 13:00:00,2010-09-05 10:30:00,2010.0,9.0,5.5,morning,fall,White Rocks,58.0,Partly Cloudy,1.5,South,2.175,141.0,24.25,Lake Trout,2.0,0.7272727272727273
2010-09-17,2010-09-17 17:00:00,2010-09-17 20:00:00,2010-09-17 19:00:00,2010.0,9.0,3.0,evening,fall,Chocolay,58.0,Overcast,5.5,SouthWest,2.7999999999999994,64.33333333333333,21.0,Lake Trout,2.0,1.3333333333333333
2010-09-19,2010-09-19 07:30:00,2010-09-19 14:00:00,2010-09-19 12:15:00,2010.0,9.0,6.5,morning,fall,White Rocks,58.0,Partly Cloudy,7.0,NorthWest,2.2,160.0,19.0,Lake Trout,2.0,0.3076923076923077
2010-09-22,2010-09-22 16:00:00,2010-09-22 18:30:00,2010-09-22 18:15:00,2010.0,9.0,2.5,evening,fall,Chocolay,55.0,Partly Cloudy,8.5,SouthEast,2.6,66.0,18.333333333333332,Lake Trout,3.0,1.2
2010-09-27,2010-09-27 16:00:00,2010-09-27 19:30:00,2010-09-27 16:30:00,2010.0,9.0,3.5,evening,fall,Lower Harbor Lighthouse,64.0,Overcast,6.5,SouthWest,2.6666666666666665,69.33333333333333,21.5,Lake Trout,3.0,2.0
2010-10-03,2010-10-03 17:00:00,2010-10-03 20:00:00,2010-10-03 07:30:00,2010.0,10.0,3.0,morning,fall,Lower Harbor Breakwall,55.0,Partly Cloudy,3.5,SouthEast,2.8,44.0,28.0,Steelhead,1.0,0.3333333333333333
2010-10-04,2010-10-04 16:00:00,2010-10-04 19:30:00,2010-10-04 18:00:00,2010.0,10.0,3.5,evening,fall,Lower Harbor Lighthouse,62.0,Clear,3.5,SouthWest,2.7000000000000006,65.33333333333333,23.333333333333332,Lake Trout,2.0,1.7142857142857142
2010-10-05,2010-10-05 17:00:00,2010-10-05 19:30:00,2010-10-05 17:30:00,2010.0,10.0,2.7,morning,fall,Lower Harbor Lighthouse,59.2,Clear,2.1,SouthEast,2.6399999999999997,80.2,21.6,Lake Trout,1.6,1.2533333333333334
2010-10-08,2010-10-08 08:30:00,2010-10-08 12:30:00,2010-10-08 10:30:00,2010.0,10.0,4.0,morning,fall,White Rocks,60.0,Clear,1.5,SouthEast,2.0,173.33333333333334,18.0,Lake Trout,1.0,0.75
2010-10-10,2010-10-10 08:00:00,2010-10-10 14:00:00,2010-10-10 12:30:00,2010.0,10.0,6.0,morning,fall,Upper Harbor,62.0,Clear,1.1666666666666667,NorthEast,2.066666666666667,152.08333333333334,19.0,Lake Trout,2.0,2.3333333333333335
2010-10-12,2010-10-12 14:30:00,2010-10-12 18:00:00,2010-10-12 17:30:00,2010.0,10.0,4.0,afternoon,fall,Upper Harbor,58.0,Clear,3.5,SouthEast,1.9600000000000002,181.0,21.2,Lake Trout,1.8,2.1238095238095243
2010-10-16,2010-10-16 10:00:00,2010-10-16 10:30:00,2010-10-16 10:30:00,2010.0,10.0,0.5,morning,fall,Lower Harbor Breakwall,60.0,Partly Cloudy,8.5,SouthWest,2.6,60.0,23.0,Lake Trout,1.0,2.0
2010-10-29,2010-10-29 17:30:00,2010-10-29 19:30:00,2010-10-29 18:00:00,2010.0,10.0,2.0,evening,fall,Lower Harbor Breakwall,42.0,Partly Cloudy,5.5,SouthWest,2.8,65.0,23.0,Lake Trout,1.0,1.5
2010-11-01,2010-11-01 16:15:00,2010-11-01 17:30:00,2010-11-01 17:00:00,2010.0,11.0,1.25,afternoon,fall,Lower Harbor Lighthouse,44.0,Clear,2.5,NorthEast,2.66,70.2,23.2,Lake Trout,1.0,5.6
2010-11-02,2010-11-02 08:30:00,2010-11-02 11:00:00,2010-11-02 10:15:00,2010.0,11.0,2.5,morning,fall,Lower Harbor Lighthouse,40.0,Clear,2.5,SouthWest,2.733333333333333,68.5,24.0,Lake Trout,1.0,4.0
2010-11-06,2010-11-06 09:00:00,2010-11-06 11:00:00,2010-11-06 10:15:00,2010.0,11.0,2.0,morning,fall,Lower Harbor Breakwall,33.0,Partly Cloudy,9.25,SouthWest,2.7,57.5,22.5,Lake Trout,1.0,3.0
2010-11-07,2010-11-07 08:15:00,2010-11-07 12:15:00,2010-11-07 10:35:00,2010.0,11.0,2.9285714285714284,morning,fall,Lower Harbor Lighthouse,44.142857142857146,Partly Cloudy,5.285714285714286,SouthWest,2.7,62.857142857142854,23.0,Lake Trout,1.6428571428571428,3.5535714285714284
2010-11-08,2010-11-08 09:00:00,2010-11-08 12:00:00,2010-11-08 10:15:00,2010.0,11.0,3.0,morning,fall,Lower Harbor Breakwall,48.0,Partly Cloudy,8.5,SouthWest,2.6,56.666666666666664,20.666666666666668,Lake Trout,1.0,1.6666666666666667
2010-11-12,2010-11-12 13:30:00,2010-11-12 17:00:00,2010-11-12 16:30:00,2010.0,11.0,3.5,morning,fall,Lower Harbor Breakwall,44.2,Overcast,5.7,West,2.7399999999999998,55.3,24.0,Lake Trout,1.5,2.0
2010-11-16,2010-11-16 08:30:00,2010-11-16 11:00:00,2010-11-16 10:15:00,2010.0,11.0,2.5,morning,fall,Lower Harbor Lighthouse,42.0,Partly Cloudy,5.5,South,2.6,69.6,22.0,Lake Trout,1.0,2.8
2011-04-09,2011-04-09 07:15:00,2011-04-09 11:30:00,2011-04-09 09:30:00,2011.0,4.0,4.25,morning,spring,Lower Harbor Breakwall,37.0,Partly Cloudy,3.5,NorthEast,2.6,32.5,23.75,Chinook,2.0,0.9411764705882353
2011-04-13,2011-04-13 11:30:00,2011-04-13 16:00:00,2011-04-13 14:00:00,2011.0,4.0,4.5,afternoon,spring,Lower Harbor Breakwall,51.0,Overcast,7.0,NorthEast,2.7,46.0,21.5,Coho,1.0,0.4444444444444444
2011-05-07,2011-05-07 07:00:00,2011-05-07 09:30:00,2011-05-07 09:15:00,2011.0,5.0,2.5,morning,spring,Lower Harbor Breakwall,46.0,Partly Cloudy,1.5,SouthWest,2.7,44.0,17.0,Coho,1.0,0.4
2011-05-21,2011-05-21 15:00:00,2011-05-21 17:30:00,2011-05-21 16:50:00,2011.0,5.0,2.5,afternoon,spring,Lower Harbor Lighthouse,51.0,Overcast,3.5,SouthEast,2.7,78.0,24.0,Lake Trout,1.0,0.4
2011-05-29,2011-05-29 18:30:00,2011-05-29 20:45:00,2011-05-29 19:30:00,2011.0,5.0,2.25,evening,spring,White Rocks,55.0,Overcast,2.5,NorthEast,2.033333333333333,173.33333333333334,21.0,Lake Trout,4.0,2.2222222222222223
2011-06-04,2011-06-04 09:00:00,2011-06-04 12:30:00,2011-06-04 10:00:00,2011.0,6.0,3.5,morning,summer,White Rocks,51.0,Partly Cloudy,2.5,NorthWest,2.0,193.33333333333334,25.666666666666668,Lake Trout,2.0,0.8571428571428571
2011-06-05,2011-06-05 08:00:00,2011-06-05 15:30:00,2011-06-05 11:20:00,2011.0,6.0,7.5,morning,summer,Sand Hole,52.666666666666664,Partly Cloudy,3.2777777777777777,NorthEast,2.2555555555555555,130.77777777777777,21.22222222222222,Lake Trout,2.0,1.4666666666666666
2011-06-06,2011-06-06 18:30:00,2011-06-06 21:00:00,2011-06-06 19:45:00,2011.0,6.0,2.5,evening,summer,Lower Harbor Lighthouse,51.0,Partly Cloudy,3.5,NorthWest,2.8,65.0,26.0,Steelhead,2.0,0.4
2011-06-12,2011-06-12 18:15:00,2011-06-12 21:30:00,2011-06-12 19:00:00,2011.0,6.0,2.5833333333333335,evening,summer,Upper Harbor,54.666666666666664,Clear,3.5,NorthWest,2.2666666666666666,132.66666666666666,21.0,Lake Trout,1.6666666666666667,1.2102564102564102
2011-06-14,2011-06-14 08:00:00,2011-06-14 12:30:00,2011-06-14 11:00:00,2011.0,6.0,4.5,morning,summer,Shot Point,51.666666666666664,Overcast,5.0,SouthEast,2.0,183.33333333333334,21.0,Lake Trout,2.0,1.5555555555555556
2011-06-18,2011-06-18 18:00:00,2011-06-18 20:00:00,2011-06-18 18:45:00,2011.0,6.0,2.5,evening,summer,Sand Hole,57.333333333333336,Partly Cloudy,4.166666666666667,NorthEast,1.9666666666666668,176.66666666666666,18.666666666666668,Lake Trout,1.0,1.1904761904761905
2011-06-19,2011-06-19 07:00:00,2011-06-19 10:30:00,2011-06-19 09:00:00,2011.0,6.0,3.5,morning,summer,Sand Hole,55.0,Overcast,3.5,NorthWest,2.02,172.0,19.0,Lake Trout,1.0,2.2857142857142856
2011-06-25,2011-06-25 07:15:00,2011-06-25 11:30:00,2011-06-25 10:15:00,2011.0,6.0,4.25,morning,summer,Sand Hole,57.0,Clear,1.5,NorthEast,1.9,180.0,20.4,Lake Trout,2.0,1.6470588235294117
2011-06-26,2011-06-26 08:00:00,2011-06-26 11:30:00,2011-06-26 09:30:00,2011.0,6.0,3.5,morning,summer,Sand Hole,51.8,Overcast,2.5,NorthEast,1.94,178.0,20.6,Lake Trout,1.0,2.0
2011-07-02,2011-07-02 07:00:00,2011-07-02 11:30:00,2011-07-02 10:00:00,2011.0,7.0,4.5,morning,summer,Sand Hole,50.0,Overcast,1.5,West,2.04,157.0,20.6,Lake Trout,1.0,1.5555555555555556
2011-07-03,2011-07-03 07:00:00,2011-07-03 11:00:00,2011-07-03 09:00:00,2011.0,7.0,4.0,morning,summer,Sand Hole,60.714285714285715,Partly Cloudy,1.7857142857142858,SouthWest,2.0,185.71428571428572,21.0,Lake Trout,1.0,2.25
2011-07-06,2011-07-06 18:00:00,2011-07-06 21:30:00,2011-07-06 19:00:00,2011.0,7.0,3.5,evening,summer,Sand Hole,65.0,Partly Cloudy,3.5,SouthWest,2.0,181.25,20.5,Lake Trout,2.0,1.4285714285714286
2011-07-07,2011-07-07 18:30:00,2011-07-07 21:30:00,2011-07-07 20:15:00,2011.0,7.0,3.0,evening,summer,Lower Harbor Lighthouse,65.0,Partly Cloudy,3.5,NorthWest,2.7,60.0,27.0,Lake Trout,1.0,0.3333333333333333
2011-07-09,2011-07-09 07:00:00,2011-07-09 11:30:00,2011-07-09 08:30:00,2011.0,7.0,4.5,morning,summer,Sand Hole,59.0,Partly Cloudy,3.6,SouthWest,2.0,180.0,20.8,Lake Trout,3.0,1.5555555555555556
2011-07-14,2011-07-14 18:30:00,2011-07-14 20:30:00,2011-07-14 19:30:00,2011.0,7.0,2.0,evening,summer,Lower Harbor Breakwall,65.0,Partly Cloudy,3.5,South,2.8,60.0,21.8,Lake Trout,1.0,3.5
2011-07-16,2011-07-16 09:30:00,2011-07-16 12:30:00,2011-07-16 11:30:00,2011.0,7.0,3.0,morning,summer,Lower Harbor Breakwall,70.0,Partly Cloudy,1.5,West,2.7999999999999994,60.0,21.666666666666668,Lake Trout,2.0,3.3333333333333335
2011-07-24,2011-07-24 08:00:00,2011-07-24 10:00:00,2011-07-24 10:00:00,2011.0,7.0,2.909090909090909,morning,summer,Lower Harbor Breakwall,61.0,Overcast,3.6818181818181817,SouthEast,2.8,61.36363636363637,21.0,Lake Trout,1.9090909090909092,2.772727272727273
2011-07-30,2011-07-30 07:00:00,2011-07-30 13:00:00,2011-07-30 09:30:00,2011.0,7.0,6.0,morning,summer,Lower Harbor Breakwall,62.0,Partly Cloudy,3.5,SouthWest,2.7,62.0,20.7,Lake Trout,2.0,2.3333333333333335
2011-07-31,2011-07-31 17:30:00,2011-07-31 19:00:00,2011-07-31 18:15:00,2011.0,7.0,1.5,evening,summer,Lower Harbor Breakwall,76.0,Partly Cloudy,3.5,South,2.7,60.0,23.0,Lake Trout,1.0,1.3333333333333333
2011-08-01,2011-08-01 18:00:00,2011-08-01 21:00:00,2011-08-01 20:00:00,2011.0,8.0,3.0,evening,summer,Lower Harbor Lighthouse,75.0,Partly Cloudy,2.5,SouthWest,2.8,65.0,20.75,Lake Trout,2.0,3.6666666666666665
2011-08-02,2011-08-02 18:00:00,2011-08-02 20:30:00,2011-08-02 20:00:00,2011.0,8.0,2.5,evening,summer,Lower Harbor Breakwall,67.0,Clear,2.5,NorthWest,2.8,58.75,21.25,Lake Trout,1.0,2.0
2011-08-06,2011-08-06 07:00:00,2011-08-06 14:30:00,2011-08-06 11:00:00,2011.0,8.0,7.5,morning,summer,Shot Point,62.0,Partly Cloudy,5.366666666666666,NorthEast,2.0,185.0,20.533333333333335,Lake Trout,3.0,2.6666666666666665
2011-08-08,2011-08-08 07:30:00,2011-08-08 14:00:00,2011-08-08 10:30:00,2011.0,8.0,6.5,morning,summer,Shot Point,64.0,Partly Cloudy,2.5,NorthEast,2.1142857142857143,166.42857142857142,19.714285714285715,Lake Trout,3.0,1.8461538461538463
2011-08-11,2011-08-11 18:00:00,2011-08-11 21:30:00,2011-08-11 19:00:00,2011.0,8.0,3.5,evening,summer,Upper Harbor,72.0,Clear,2.5,East,2.1,170.0,21.0,Lake Trout,1.0,0.2857142857142857
2011-08-13,2011-08-13 07:00:00,2011-08-13 14:00:00,2011-08-13 11:30:00,2011.0,8.0,7.0,morning,summer,Shot Point,65.0,Overcast,3.3214285714285716,SouthWest,1.9,185.0,20.0,Lake Trout,4.0,2.857142857142857
2011-08-14,2011-08-14 18:30:00,2011-08-14 20:30:00,2011-08-14 19:45:00,2011.0,8.0,2.0,evening,summer,Chocolay,73.0,Clear,1.5,NorthWest,2.7,65.0,22.5,Lake Trout,1.0,1.5
2011-08-16,2011-08-16 19:00:00,2011-08-16 21:30:00,2011-08-16 20:30:00,2011.0,8.0,2.5,evening,summer,Chocolay,67.0,Partly Cloudy,8.0,SouthWest,2.8,65.0,23.0,Lake Trout,2.0,1.2
2011-08-22,2011-08-22 18:30:00,2011-08-22 21:30:00,2011-08-22 20:30:00,2011.0,8.0,3.0,evening,summer,Lower Harbor Lighthouse,66.0,Partly Cloudy,2.5,SouthEast,2.6,65.0,22.0,Lake Trout,2.0,0.6666666666666666
2011-08-27,2011-08-27 08:00:00,2011-08-27 11:30:00,2011-08-27 10:30:00,2011.0,8.0,3.5,morning,summer,Upper Harbor,67.0,Partly Cloudy,5.5,NorthWest,2.0,178.75,21.5,Lake Trout,3.0,2.0
2011-09-03,2011-09-03 07:00:00,2011-09-03 15:00:00,2011-09-03 09:45:00,2011.0,9.0,8.0,morning,fall,Shot Point,65.0,Partly Cloudy,1.5,South,2.0,186.15384615384616,20.46153846153846,Lake Trout,3.0,2.25
2011-09-08,2011-09-08 18:00:00,2011-09-08 20:30:00,2011-09-08 19:30:00,2011.0,9.0,2.5,evening,fall,Upper Harbor,68.0,Clear,0.5,SouthWest,2.0,180.0,23.5,Lake Trout,4.0,2.0
2011-09-10,2011-09-10 07:00:00,2011-09-10 15:30:00,2011-09-10 15:00:00,2011.0,9.0,8.5,afternoon,fall,Shot Point,65.0,Clear,0.5,SouthWest,2.0,180.0,22.037037037037038,Lake Trout,4.0,4.352941176470588
2011-09-11,2011-09-11 08:00:00,2011-09-11 14:00:00,2011-09-11 11:30:00,2011.0,9.0,6.0,morning,fall,White Rocks,68.0,Partly Cloudy,1.5,SouthEast,2.1,175.0,20.0,Lake Trout,3.0,0.16666666666666666
2011-09-17,2011-09-17 09:00:00,2011-09-17 12:30:00,2011-09-17 11:30:00,2011.0,9.0,3.5,morning,fall,Lower Harbor Breakwall,62.0,Overcast,2.5,South,2.6500000000000004,55.0,22.5,Lake Trout,1.0,0.5714285714285714
2011-09-26,2011-09-26 08:00:00,2011-09-26 15:00:00,2011-09-26 11:00:00,2011.0,9.0,7.0,morning,fall,Upper Harbor,65.0,Partly Cloudy,2.5,South,2.1,180.0,23.533333333333335,Lake Trout,3.0,2.2857142857142856
2011-10-02,2011-10-02 08:00:00,2011-10-02 12:00:00,2011-10-02 09:45:00,2011.0,10.0,4.0,morning,fall,Upper Harbor,64.0,Partly Cloudy,2.5,South,2.1,180.0,22.4,Lake Trout,2.0,2.25
2011-10-09,2011-10-09 08:00:00,2011-10-09 12:00:00,2011-10-09 11:15:00,2011.0,10.0,4.0,morning,fall,Lower Harbor Lighthouse,62.0,Partly Cloudy,3.5,West,2.7,65.0,22.2,Lake Trout,1.0,1.75
2011-10-10,2011-10-10 16:30:00,2011-10-10 20:30:00,2011-10-10 08:45:00,2011.0,10.0,3.0416666666666665,morning,fall,Lower Harbor Breakwall,61.083333333333336,Partly Cloudy,3.5,NorthWest,2.7916666666666665,70.0,22.083333333333332,Lake Trout,1.5,2.6999999999999997
2011-10-12,2011-10-12 17:00:00,2011-10-12 19:30:00,2011-10-12 17:25:00,2011.0,10.0,2.7,afternoon,fall,Lower Harbor Breakwall,62.6,Partly Cloudy,3.7,South,2.84,60.0,23.8,Lake Trout,1.6,3.2
2011-10-13,2011-10-13 15:00:00,2011-10-13 17:30:00,2011-10-13 16:30:00,2011.0,10.0,2.5,afternoon,fall,Lower Harbor Breakwall,63.0,Rain,1.5,South,2.8,53.8,22.2,Lake Trout,1.0,3.6
2011-10-22,2011-10-22 08:30:00,2011-10-22 12:00:00,2011-10-22 10:30:00,2011.0,10.0,3.5,morning,fall,Lower Harbor Breakwall,63.0,Partly Cloudy,1.5,South,2.8,50.0,25.5,Lake Trout,2.0,1.1428571428571428
2011-10-27,2011-10-27 14:30:00,2011-10-27 17:00:00,2011-10-27 16:00:00,2011.0,10.0,2.5,afternoon,fall,Lower Harbor Breakwall,63.0,Partly Cloudy,7.5,North,2.8,52.8,23.0,Lake Trout,1.0,3.6
2011-10-28,2011-10-28 16:00:00,2011-10-28 18:00:00,2011-10-28 16:45:00,2011.0,10.0,2.0,afternoon,fall,Lower Harbor Lighthouse,63.0,Partly Cloudy,4.5,SouthWest,2.8,64.2,22.466666666666665,Lake Trout,1.5333333333333334,6.566666666666666
2011-10-29,2011-10-29 08:30:00,2011-10-29 12:30:00,2011-10-29 11:45:00,2011.0,10.0,3.533333333333333,morning,fall,Lower Harbor Lighthouse,63.0,Partly Cloudy,4.5,West,2.8,64.86666666666666,22.933333333333334,Lake Trout,2.466666666666667,4.311111111111112
2011-10-30,2011-10-30 09:00:00,2011-10-30 12:30:00,2011-10-30 12:15:00,2011.0,10.0,3.5,morning,fall,Chocolay,63.0,Partly Cloudy,6.8,SouthWest,2.8,58.266666666666666,25.466666666666665,Lake Trout,2.0,5.142857142857143
2011-11-04,2011-11-04 15:00:00,2011-11-04 17:30:00,2011-11-04 16:00:00,2011.0,11.0,2.5,afternoon,fall,Lower Harbor Lighthouse,60.0,Partly Cloudy,6.5,SouthWest,2.8,60.6,24.4,Lake Trout,1.0,3.2
2011-11-05,2011-11-05 15:00:00,2011-11-05 17:30:00,2011-11-05 10:30:00,2011.0,11.0,2.5,morning,fall,Lower Harbor Breakwall,60.0,Partly Cloudy,15.0,SouthWest,2.8,54.0,22.25,Lake Trout,1.0,2.4
2011-11-08,2011-11-08 11:30:00,2011-11-08 16:30:00,2011-11-08 13:00:00,2011.0,11.0,5.0,afternoon,fall,Lower Harbor Breakwall,60.0,Partly Cloudy,6.5,NorthEast,2.8,54.0,24.5,Lake Trout,1.0,1.4
2011-11-12,2011-11-12 09:30:00,2011-11-12 11:30:00,2011-11-12 10:00:00,2011.0,11.0,2.0,morning,fall,Lower Harbor Breakwall,55.0,Partly Cloudy,6.0,SouthWest,2.8,56.0,22.0,Lake Trout,1.0,2.5
2012-03-11,2012-03-11 09:00:00,2012-03-11 11:30:00,2012-03-11 10:15:00,2012.0,3.0,2.5,morning,spring,Lower Harbor Lighthouse,48.0,Clear,6.0,SouthWest,2.7,70.0,16.5,Coho,1.0,1.2
2012-03-22,2012-03-22 17:30:00,2012-03-22 20:30:00,2012-03-22 18:00:00,2012.0,3.0,3.0,evening,spring,Chocolay,51.0,Partly Cloudy,1.0,South,2.8,60.0,24.0,Lake Trout,2.0,0.3333333333333333
2012-03-24,2012-03-24 08:00:00,2012-03-24 14:00:00,2012-03-24 10:15:00,2012.0,3.0,6.0,morning,spring,Lower Harbor Lighthouse,54.0,Clear,5.0,SouthEast,2.7,65.0,24.0,Lake Trout,1.0,0.16666666666666666
2012-04-15,2012-04-15 10:00:00,2012-04-15 12:30:00,2012-04-15 10:45:00,2012.0,4.0,2.5,morning,spring,Lower Harbor Lighthouse,54.0,Clear,5.0,NorthEast,2.7,62.0,23.0,Lake Trout,1.0,0.4
2012-05-13,2012-05-13 08:00:00,2012-05-13 12:00:00,2012-05-13 12:00:00,2012.0,5.0,4.2,morning,spring,Thoney Point,60.4,Partly Cloudy,9.4,SouthWest,2.5,122.0,24.5,Lake Trout,3.0,3.5833333333333335
2012-05-14,2012-05-14 14:30:00,2012-05-14 17:00:00,2012-05-14 16:30:00,2012.0,5.0,2.5,afternoon,spring,Chocolay,62.0,Clear,3.0,East,2.5,55.0,22.0,Lake Trout,3.0,1.6
2012-05-15,2012-05-15 10:00:00,2012-05-15 12:30:00,2012-05-15 10:30:00,2012.0,5.0,2.5,morning,spring,Lower Harbor Lighthouse,55.0,Clear,5.0,NorthEast,2.6,65.0,23.0,Lake Trout,1.0,0.4
2012-05-22,2012-05-22 18:00:00,2012-05-22 21:30:00,2012-05-22 20:00:00,2012.0,5.0,3.5,evening,spring,Lower Harbor Lighthouse,64.0,Overcast,3.0,SouthEast,2.6,57.5,21.75,Lake Trout,4.0,1.1428571428571428
2012-05-25,2012-05-25 15:00:00,2012-05-25 20:00:00,2012-05-25 17:00:00,2012.0,5.0,5.0,afternoon,spring,Lower Harbor Lighthouse,64.0,Partly Cloudy,13.0,North,2.7,65.0,24.6,Lake Trout,2.0,1.0
2012-05-26,2012-05-26 07:00:00,2012-05-26 14:00:00,2012-05-26 10:30:00,2012.0,5.0,7.0,morning,spring,Shot Point,64.0,Overcast,3.0,East,2.2,187.5,22.333333333333332,Lake Trout,4.0,2.4285714285714284
2012-05-27,2012-05-27 14:00:00,2012-05-27 15:30:00,2012-05-27 14:30:00,2012.0,5.0,1.5,afternoon,spring,Lower Harbor Lighthouse,64.0,Overcast,19.0,South,2.8,65.0,28.0,Lake Trout,2.0,0.6666666666666666
2012-05-28,2012-05-28 07:30:00,2012-05-28 13:00:00,2012-05-28 12:15:00,2012.0,5.0,5.5,morning,spring,Lower Harbor Lighthouse,65.0,Overcast,7.0,South,2.7,67.5,29.5,Steelhead,3.0,0.7272727272727273
2012-06-01,2012-06-01 08:00:00,2012-06-01 12:00:00,2012-06-01 11:00:00,2012.0,6.0,4.0,morning,summer,Lower Harbor Lighthouse,64.0,Partly Cloudy,3.0,SouthWest,2.6,67.5,23.25,Lake Trout,2.0,1.75
2012-06-09,2012-06-09 17:30:00,2012-06-09 21:30:00,2012-06-09 19:00:00,2012.0,6.0,4.4375,evening,summer,Lower Harbor Lighthouse,65.0,Clear,3.25,West,2.7,68.125,21.875,Lake Trout,3.875,2.439583333333333
2012-06-16,2012-06-16 07:00:00,2012-06-16 11:30:00,2012-06-16 09:30:00,2012.0,6.0,4.5,morning,summer,Lower Harbor Lighthouse,59.0,Partly Cloudy,3.0,South,2.6,66.0,21.6,Lake Trout,4.0,1.5555555555555556
2012-06-26,2012-06-26 18:30:00,2012-06-26 22:00:00,2012-06-26 20:00:00,2012.0,6.0,3.5,evening,summer,Lower Harbor Lighthouse,68.0,Partly Cloudy,3.0,SouthEast,2.7,69.375,22.625,Lake Trout,2.0,3.142857142857143
2012-06-30,2012-06-30 17:00:00,2012-06-30 21:30:00,2012-06-30 20:00:00,2012.0,6.0,4.5,evening,summer,Sand Hole,69.0,Clear,1.0,NorthWest,2.2,179.0,22.6,Lake Trout,4.0,1.777777777777778
2012-07-01,2012-07-01 06:30:00,2012-07-01 11:30:00,2012-07-01 09:30:00,2012.0,7.0,5.0,morning,summer,Shot Point,69.0,Partly Cloudy,1.0,SouthWest,2.1,176.78571428571428,21.785714285714285,Lake Trout,4.0,2.8
2012-07-08,2012-07-08 07:00:00,2012-07-08 11:30:00,2012-07-08 09:30:00,2012.0,7.0,4.5,morning,summer,Shot Point,69.0,Partly Cloudy,1.0,SouthEast,2.1,178.57142857142858,21.571428571428573,Lake Trout,4.0,1.5555555555555556
2012-07-13,2012-07-13 16:30:00,2012-07-13 21:00:00,2012-07-13 18:00:00,2012.0,7.0,4.5,evening,summer,Lower Harbor Lighthouse,75.0,Clear,7.0,SouthWest,2.6,65.0,21.0,Lake Trout,3.0,0.6666666666666666
2012-07-14,2012-07-14 09:00:00,2012-07-14 13:30:00,2012-07-14 10:00:00,2012.0,7.0,3.5,morning,summer,Shot Point,70.0,Partly Cloudy,1.8,SouthEast,2.3,134.0,21.9,Lake Trout,3.0,2.8
2012-07-22,2012-07-22 07:00:00,2012-07-22 12:30:00,2012-07-22 10:00:00,2012.0,7.0,5.5,morning,summer,Shot Point,69.0,Partly Cloudy,1.0,South,2.1,178.125,21.25,Lake Trout,3.0,1.8181818181818181
2012-07-29,2012-07-29 07:00:00,2012-07-29 12:00:00,2012-07-29 08:30:00,2012.0,7.0,5.0,morning,summer,Lower Harbor Lighthouse,69.0,Clear,13.0,SouthWest,2.6,75.0,22.666666666666668,Lake Trout,2.0,1.0
2012-08-14,2012-08-14 16:30:00,2012-08-14 20:30:00,2012-08-14 19:00:00,2012.0,8.0,4.0,evening,summer,Lower Harbor Lighthouse,72.0,Partly Cloudy,3.0,SouthWest,2.6,70.0,21.666666666666668,Lake Trout,3.0,1.75
2012-08-19,2012-08-19 07:30:00,2012-08-19 12:30:00,2012-08-19 08:45:00,2012.0,8.0,5.0,morning,summer,Lower Harbor Lighthouse,66.0,Overcast,3.0,SouthWest,2.6,70.0,21.0,Coho,2.0,0.8
2012-08-21,2012-08-21 18:30:00,2012-08-21 21:30:00,2012-08-21 20:15:00,2012.0,8.0,3.0,evening,summer,Lower Harbor Lighthouse,71.0,Partly Cloudy,1.0,East,2.4,80.0,21.5,Coho,2.0,1.6666666666666667
2012-08-23,2012-08-23 16:30:00,2012-08-23 21:30:00,2012-08-23 19:00:00,2012.0,8.0,5.0,evening,summer,Lower Harbor Lighthouse,76.0,Clear,7.0,SouthWest,2.4,73.0,20.6,Coho,4.0,1.4
2012-08-26,2012-08-26 09:45:00,2012-08-26 11:45:00,2012-08-26 11:00:00,2012.0,8.0,2.0,morning,summer,Lower Harbor Lighthouse,69.0,Partly Cloudy,11.0,SouthWest,2.4,72.5,20.5,Coho,1.0,1.5
2012-08-28,2012-08-28 18:30:00,2012-08-28 22:00:00,2012-08-28 20:45:00,2012.0,8.0,3.5,evening,summer,Lower Harbor Lighthouse,75.0,Clear,3.0,NorthEast,2.6,75.0,20.0,Coho,2.0,0.5714285714285714
2012-09-02,2012-09-02 07:30:00,2012-09-02 12:00:00,2012-09-02 09:30:00,2012.0,9.0,4.5,morning,fall,Shot Point,67.0,Clear,5.0,SouthEast,2.1,161.11111111111111,22.22222222222222,Lake Trout,3.0,2.6666666666666665
2012-09-04,2012-09-04 08:00:00,2012-09-04 10:00:00,2012-09-04 09:00:00,2012.0,9.0,2.0,morning,fall,Lower Harbor Lighthouse,66.0,Overcast,3.0,SouthEast,2.6,74.0,21.8,Lake Trout,1.0,3.0
2012-09-15,2012-09-15 06:00:00,2012-09-15 15:00:00,2012-09-15 13:00:00,2012.0,9.0,9.0,afternoon,fall,Shot Point,65.92592592592592,Partly Cloudy,5.0,SouthEast,2.2,163.14814814814815,23.296296296296298,Lake Trout,4.0,3.4444444444444446
2012-09-28,2012-09-28 15:30:00,2012-09-28 17:30:00,2012-09-28 18:00:00,2012.0,9.0,2.0,evening,fall,Chocolay,67.0,Clear,5.0,South,2.7999999999999994,68.33333333333333,19.0,Coho,3.0,4.0
2012-09-29,2012-09-29 07:30:00,2012-09-29 11:30:00,2012-09-29 10:15:00,2012.0,9.0,4.0,morning,fall,Lower Harbor Lighthouse,65.0,Partly Cloudy,9.0,North,2.7,67.5,16.0,Coho,4.0,0.5
2012-10-03,2012-10-03 18:00:00,2012-10-03 20:00:00,2012-10-03 18:30:00,2012.0,10.0,2.0,evening,fall,Lower Harbor Lighthouse,65.0,Partly Cloudy,5.0,SouthEast,2.7,65.0,17.0,Coho,1.0,0.5
2012-10-13,2012-10-13 16:00:00,2012-10-13 19:00:00,2012-10-13 18:30:00,2012.0,10.0,3.0,evening,fall,Lower Harbor Lighthouse,65.0,Partly Cloudy,3.0,West,2.7,67.5,23.25,Lake Trout,1.0,3.0
2012-10-21,2012-10-21 08:30:00,2012-10-21 14:30:00,2012-10-21 12:00:00,2012.0,10.0,6.0,morning,fall,Lower Harbor Lighthouse,64.0,Partly Cloudy,3.0,West,2.7,68.75,24.75,Steelhead,2.0,0.8333333333333334
2012-11-17,2012-11-17 08:30:00,2012-11-17 12:00:00,2012-11-17 10:15:00,2012.0,11.0,3.5,morning,fall,Lower Harbor Breakwall,60.0,Partly Cloudy,3.0,SouthWest,2.7000000000000006,61.666666666666664,24.0,Lake Trout,1.0,0.8571428571428571
2013-07-08,2013-07-08 16:00:00,2013-07-08 22:00:00,2013-07-08 19:00:00,2013.0,7.0,6.0,evening,summer,Chocolay,75.0,Partly Cloudy,7.5,South,2.7,60.0,16.0,Coho,5.0,1.6666666666666667
2013-07-09,2013-07-09 10:00:00,2013-07-09 13:00:00,2013-07-09 11:30:00,2013.0,7.0,3.0,morning,summer,Chocolay,65.0,Clear,12.5,South,2.7,60.0,20.0,Lake Trout,2.0,1.0
2013-07-11,2013-07-11 06:00:00,2013-07-11 12:00:00,2013-07-11 09:00:00,2013.0,7.0,6.0,morning,summer,Shot Point,65.0,Clear,2.5,South,2.0777777777777775,125.55555555555556,21.0,Lake Trout,2.0,1.5
2013-07-14,2013-07-14 06:00:00,2013-07-14 10:00:00,2013-07-14 08:00:00,2013.0,7.0,4.0,morning,summer,Lower Harbor,65.0,Clear,2.5,West,2.7,60.0,23.0,Lake Trout,2.0,0.75
2013-07-15,2013-07-15 19:00:00,2013-07-15 22:00:00,2013-07-15 20:30:00,2013.0,7.0,3.0,evening,summer,Lower Harbor,65.0,Overcast,2.5,South,2.7,60.0,29.0,Chinook,2.0,0.6666666666666666
2013-07-16,2013-07-16 19:00:00,2013-07-16 21:00:00,2013-07-16 20:00:00,2013.0,7.0,2.0,evening,summer,Lower Harbor,65.0,Clear,2.5,South,2.7,60.0,25.0,Lake Trout,1.0,1.0
2013-07-17,2013-07-17 17:00:00,2013-07-17 22:00:00,2013-07-17 19:30:00,2013.0,7.0,5.0,evening,summer,Lower Harbor,65.0,Clear,2.5,South,2.5,60.0,20.5,Lake Trout,2.0,1.2
2013-07-21,2013-07-21 07:00:00,2013-07-21 12:00:00,2013-07-21 09:30:00,2013.0,7.0,5.0,morning,summer,Shot Point,65.0,Partly Cloudy,2.5,South,1.9,180.0,24.272727272727273,Lake Trout,2.0,2.6
2013-07-24,2013-07-24 12:00:00,2013-07-24 17:00:00,2013-07-24 14:30:00,2013.0,7.0,5.0,afternoon,summer,Chocolay,65.0,Partly Cloudy,2.5,South,2.7,60.0,22.6,Lake Trout,2.0,1.4
2013-07-26,2013-07-26 10:00:00,2013-07-26 13:00:00,2013-07-26 11:30:00,2013.0,7.0,3.0,morning,summer,Lower Harbor,65.0,Rain,2.5,South,2.7,50.0,21.0,Lake Trout,1.0,2.3333333333333335
2013-07-27,2013-07-27 15:00:00,2013-07-27 17:00:00,2013-07-27 16:00:00,2013.0,7.0,2.0,morning,summer,Lower Harbor,65.0,Partly Cloudy,5.0,South,2.7,50.0,24.0,Lake Trout,1.0,0.5
2013-08-04,2013-08-04 17:00:00,2013-08-04 22:00:00,2013-08-04 19:30:00,2013.0,8.0,5.0,evening,summer,Lower Harbor,65.0,Partly Cloudy,2.5,West,2.5,110.0,23.0,Lake Trout,2.0,1.2
2013-08-16,2013-08-16 07:00:00,2013-08-16 13:00:00,2013-08-16 10:00:00,2013.0,8.0,6.0,morning,summer,Shot Point,65.0,Partly Cloudy,2.5,South,1.9,180.0,23.181818181818183,Lake Trout,2.0,2.0
2013-08-26,2013-08-26 18:00:00,2013-08-26 22:00:00,2013-08-26 20:00:00,2013.0,8.0,4.0,evening,summer,Chocolay,75.0,Partly Cloudy,2.5,South,2.5,60.0,22.666666666666668,Lake Trout,3.0,2.0
2013-08-28,2013-08-28 17:00:00,2013-08-28 22:00:00,2013-08-28 19:30:00,2013.0,8.0,5.0,evening,summer,Chocolay,65.0,Fog,2.5,South,2.7000000000000006,60.0,22.0,Lake Trout,3.0,2.4
2013-08-29,2013-08-29 18:00:00,2013-08-29 22:00:00,2013-08-29 20:00:00,2013.0,8.0,4.0,evening,summer,Lower Harbor,65.0,Rain,2.5,West,2.7000000000000006,60.0,25.666666666666668,Coho,2.0,0.75
2013-08-31,2013-08-31 09:00:00,2013-08-31 19:00:00,2013-08-31 14:00:00,2013.0,8.0,10.0,afternoon,summer,Shot Point,65.0,Clear,2.5,West,1.8999999999999997,180.0,22.555555555555557,Lake Trout,2.0,1.0
2013-09-10,2013-09-10 18:00:00,2013-09-10 21:00:00,2013-09-10 19:30:00,2013.0,9.0,3.0,evening,fall,Chocolay,65.0,Partly Cloudy,2.5,South,2.7,60.0,21.0,Coho,1.0,0.3333333333333333
2013-09-15,2013-09-15 09:00:00,2013-09-15 10:00:00,2013-09-15 09:30:00,2013.0,9.0,1.0,morning,fall,Lower Harbor,65.0,Rain,12.5,South,2.7,70.0,25.0,Lake Trout,1.0,1.0
2013-09-20,2013-09-20 08:00:00,2013-09-20 11:00:00,2013-09-20 09:30:00,2013.0,9.0,3.0,morning,fall,Lower Harbor,65.0,Partly Cloudy,7.5,South,2.7,70.0,23.5,Coho,1.0,1.6666666666666667
2013-09-22,2013-09-22 18:00:00,2013-09-22 21:00:00,2013-09-22 19:30:00,2013.0,9.0,3.0,evening,fall,Lower Harbor,65.0,Partly Cloudy,7.5,West,2.7,50.0,23.0,Coho,1.0,1.6666666666666667
2013-09-24,2013-09-24 17:00:00,2013-09-24 21:00:00,2013-09-24 19:00:00,2013.0,9.0,4.0,evening,fall,Chocolay,65.0,Clear,2.5,East,2.7000000000000006,60.0,22.0,Coho,2.0,3.0
2013-09-25,2013-09-25 17:00:00,2013-09-25 22:00:00,2013-09-25 19:30:00,2013.0,9.0,4.5625,evening,fall,Golden Triangle,65.0,Clear,2.5,East,2.7,60.0,22.5,Coho,3.0,2.109375
2013-09-26,2013-09-26 17:00:00,2013-09-26 22:00:00,2013-09-26 19:30:00,2013.0,9.0,5.0,evening,fall,Golden Triangle,65.0,Clear,7.5,East,2.5,60.0,21.666666666666668,Coho,2.0,1.3999999999999997
2013-09-29,2013-09-29 11:00:00,2013-09-29 15:00:00,2013-09-29 13:00:00,2013.0,9.0,3.1538461538461537,afternoon,fall,Lower Harbor,65.0,Clear,4.615384615384615,South,2.7,60.0,21.0,Coho,2.423076923076923,4.221153846153846
2013-10-01,2013-10-01 17:00:00,2013-10-01 20:00:00,2013-10-01 18:30:00,2013.0,10.0,3.0,evening,fall,Lower Harbor,75.0,Clear,12.5,West,2.7,60.0,21.5,Coho,2.0,3.0
2013-10-02,2013-10-02 15:00:00,2013-10-02 18:00:00,2013-10-02 16:30:00,2013.0,10.0,3.0,afternoon,fall,Lower Harbor,75.0,Clear,2.5,West,2.7,60.0,22.2,Coho,2.0,3.3333333333333335
2013-10-06,2013-10-06 15:00:00,2013-10-06 17:00:00,2013-10-06 16:00:00,2013.0,10.0,2.3333333333333335,afternoon,fall,Chocolay,65.0,Overcast,7.5,South,2.7,60.0,22.733333333333334,Lake Trout,1.6666666666666667,4.888888888888888
2013-10-09,2013-10-09 18:00:00,2013-10-09 20:00:00,2013-10-09 19:00:00,2013.0,10.0,2.0,evening,fall,Lower Harbor,65.0,Clear,12.5,South,2.7,60.0,23.0,Lake Trout,1.0,3.0
2013-10-10,2013-10-10 09:00:00,2013-10-10 11:00:00,2013-10-10 10:00:00,2013.0,10.0,2.0,morning,fall,Chocolay,65.0,Clear,7.5,South,2.7000000000000006,60.0,23.0,Lake Trout,1.0,2.0
2013-10-13,2013-10-13 07:00:00,2013-10-13 13:00:00,2013-10-13 10:00:00,2013.0,10.0,6.0,morning,fall,Lower Harbor,65.0,Overcast,7.5,North,2.7,60.0,22.09090909090909,Coho,3.0,2.3333333333333335
2013-10-14,2013-10-14 08:00:00,2013-10-14 13:00:00,2013-10-14 10:30:00,2013.0,10.0,5.0,morning,fall,Lower Harbor,65.0,Clear,2.5,West,2.7,60.0,21.727272727272727,Coho,2.0,2.8
2013-10-17,2013-10-17 08:00:00,2013-10-17 13:00:00,2013-10-17 10:30:00,2013.0,10.0,5.0,morning,fall,Lower Harbor,65.0,Clear,2.5,South,2.7,60.0,21.75,Coho,3.0,1.8
2013-10-19,2013-10-19 08:00:00,2013-10-19 13:00:00,2013-10-19 10:30:00,2013.0,10.0,5.0,morning,fall,Lower Harbor,65.0,Partly Cloudy,2.5,West,2.7000000000000006,60.0,22.333333333333332,Lake Trout,2.0,1.6000000000000003
2013-10-20,2013-10-20 08:00:00,2013-10-20 14:00:00,2013-10-20 11:00:00,2013.0,10.0,6.0,morning,fall,Lower Harbor,65.0,Partly Cloudy,2.5,West,2.7000000000000006,60.0,23.0,Lake Trout,2.0,1.3333333333333333
2014-06-07,2014-06-07 08:00:00,2014-06-07 11:00:00,2014-06-07 09:30:00,2014.0,6.0,3.0,morning,summer,Lower Harbor,65.0,Overcast,5.833333333333333,North,2.7000000000000006,50.0,21.0,Chinook,1.0,1.0
2014-06-10,2014-06-10 18:00:00,2014-06-10 21:00:00,2014-06-10 19:30:00,2014.0,6.0,3.0,evening,summer,Lower Harbor,65.0,Partly Cloudy,2.5,South,2.5,50.0,23.0,Other,2.0,0.3333333333333333
2014-06-21,2014-06-21 19:00:00,2014-06-21 23:00:00,2014-06-21 21:00:00,2014.0,6.0,4.0,night,summer,Lower Harbor,55.0,Overcast,2.5,South,2.7,50.0,21.0,Lake Trout,1.0,0.25
2014-06-23,2014-06-23 19:00:00,2014-06-23 22:00:00,2014-06-23 20:30:00,2014.0,6.0,3.5,evening,summer,Chocolay,55.0,Clear,7.5,East,2.5,50.0,21.5,Lake Trout,2.5,0.75
2014-06-26,2014-06-26 07:00:00,2014-06-26 12:00:00,2014-06-26 09:30:00,2014.0,6.0,4.75,morning,summer,Sand Hole,62.5,Clear,2.5,East,2.3,110.0,19.0,Lake Trout,2.25,0.6625000000000001
2014-07-04,2014-07-04 09:00:00,2014-07-04 12:00:00,2014-07-04 10:30:00,2014.0,7.0,3.0,morning,summer,Sand Hole,65.0,Clear,2.5,West,1.9,200.0,19.0,Steelhead,1.0,1.0
2014-07-10,2014-07-10 08:00:00,2014-07-10 12:00:00,2014-07-10 10:00:00,2014.0,7.0,4.0,morning,summer,Shot Point,65.0,Clear,2.5,South,2.3,113.33333333333333,21.88888888888889,Lake Trout,3.0,2.75
2014-07-17,2014-07-17 15:00:00,2014-07-17 21:00:00,2014-07-17 18:00:00,2014.0,7.0,6.0,evening,summer,Chocolay,75.0,Partly Cloudy,2.5,East,2.5,60.0,23.75,Lake Trout,2.0,1.8333333333333333
2014-07-19,2014-07-19 08:00:00,2014-07-19 11:00:00,2014-07-19 09:30:00,2014.0,7.0,3.0,morning,summer,Chocolay,65.0,Partly Cloudy,12.5,South,2.5,61.0,23.4,Lake Trout,2.0,5.0
2014-07-20,2014-07-20 07:00:00,2014-07-20 10:00:00,2014-07-20 08:30:00,2014.0,7.0,3.0,morning,summer,Chocolay,65.0,Partly Cloudy,12.5,South,2.5,61.0,23.6,Lake Trout,2.0,4.666666666666667
2014-07-21,2014-07-21 18:00:00,2014-07-21 22:00:00,2014-07-21 20:00:00,2014.0,7.0,4.0,evening,summer,Chocolay,85.0,Clear,12.5,South,2.5,70.0,24.6,Lake Trout,2.0,2.0
2014-07-24,2014-07-24 07:00:00,2014-07-24 10:00:00,2014-07-24 08:30:00,2014.0,7.0,3.0,morning,summer,Chocolay,65.0,Clear,2.5,North,2.5,60.0,23.0,Lake Trout,2.0,1.6666666666666667
2014-07-25,2014-07-25 18:00:00,2014-07-25 23:00:00,2014-07-25 20:30:00,2014.0,7.0,5.0,evening,summer,Chocolay,75.0,Clear,2.5,North,2.35,73.75,22.75,Lake Trout,3.0,2.4
2014-07-26,2014-07-26 09:00:00,2014-07-26 12:00:00,2014-07-26 10:30:00,2014.0,7.0,3.0,morning,summer,Chocolay,65.0,Overcast,2.5,South,2.5,60.0,23.75,Lake Trout,2.0,3.3333333333333335
2014-08-01,2014-08-01 18:00:00,2014-08-01 22:00:00,2014-08-01 20:00:00,2014.0,8.0,4.0,evening,summer,Lower Harbor,65.0,Partly Cloudy,2.5,East,2.3,70.0,21.0,Lake Trout,2.0,0.75
2014-08-02,2014-08-02 08:00:00,2014-08-02 12:00:00,2014-08-02 10:00:00,2014.0,8.0,4.0,morning,summer,Shot Point,65.0,Clear,2.5,East,1.8999999999999997,170.0,21.666666666666668,Lake Trout,2.0,2.75
2014-08-09,2014-08-09 07:00:00,2014-08-09 11:00:00,2014-08-09 09:00:00,2014.0,8.0,4.0,morning,summer,Chocolay,75.0,Clear,2.5,South,2.5,70.0,26.0,Lake Trout,1.0,0.75
2014-08-10,2014-08-10 07:00:00,2014-08-10 11:00:00,2014-08-10 09:00:00,2014.0,8.0,4.0,morning,summer,Chocolay,75.0,Overcast,2.5,South,2.5,60.0,23.0,Lake Trout,1.0,0.5
2014-08-20,2014-08-20 17:00:00,2014-08-20 20:00:00,2014-08-20 18:30:00,2014.0,8.0,3.0,evening,summer,Chocolay,65.0,Overcast,7.5,North,2.5,60.0,23.0,Lake Trout,1.0,1.3333333333333333
2014-08-22,2014-08-22 16:00:00,2014-08-22 21:00:00,2014-08-22 18:30:00,2014.0,8.0,5.0,evening,summer,Chocolay,75.0,Overcast,2.5,North,2.5,60.0,21.0,Lake Trout,2.0,0.6
2014-08-23,2014-08-23 10:00:00,2014-08-23 15:00:00,2014-08-23 12:30:00,2014.0,8.0,5.0,afternoon,summer,Chocolay,75.0,Overcast,2.5,North,2.5,60.0,22.333333333333332,Lake Trout,1.0,1.0
2014-08-31,2014-08-31 08:00:00,2014-08-31 15:00:00,2014-08-31 11:30:00,2014.0,8.0,7.0,morning,summer,Chocolay,65.0,Overcast,2.5,East,2.5,56.666666666666664,23.0,Lake Trout,2.0,0.7142857142857143
2014-09-09,2014-09-09 19:00:00,2014-09-09 21:00:00,2014-09-09 20:00:00,2014.0,9.0,2.0,evening,fall,Lower Harbor,75.0,Partly Cloudy,7.5,South,2.5,70.0,23.0,Lake Trout,1.0,1.0
2014-09-20,2014-09-20 09:00:00,2014-09-20 12:00:00,2014-09-20 10:30:00,2014.0,9.0,3.0,morning,fall,Chocolay,65.0,Partly Cloudy,12.5,South,2.5,50.0,23.0,Lake Trout,2.0,0.6666666666666666
2014-09-25,2014-09-25 16:00:00,2014-09-25 20:00:00,2014-09-25 18:00:00,2014.0,9.0,4.0,evening,fall,Chocolay,75.0,Overcast,2.5,South,2.5,60.0,20.714285714285715,Lake Trout,2.0,2.25
2014-09-26,2014-09-26 16:00:00,2014-09-26 20:00:00,2014-09-26 18:00:00,2014.0,9.0,4.0,evening,fall,Chocolay,75.0,Clear,2.5,South,2.5,60.0,23.0,Lake Trout,3.0,1.0
2014-09-28,2014-09-28 08:00:00,2014-09-28 16:00:00,2014-09-28 12:00:00,2014.0,9.0,6.909090909090909,afternoon,fall,Shot Point,75.0,Clear,9.772727272727273,South,2.209090909090909,123.18181818181819,23.0,Lake Trout,2.6363636363636362,2.1818181818181817
2014-10-02,2014-10-02 08:00:00,2014-10-02 12:00:00,2014-10-02 10:00:00,2014.0,10.0,4.0,morning,fall,Upper Harbor,65.0,Overcast,2.5,South,2.5,70.0,23.5,Lake Trout,1.75,1.0625
2014-10-11,2014-10-11 14:00:00,2014-10-11 19:00:00,2014-10-11 16:30:00,2014.0,10.0,5.0,afternoon,fall,Chocolay,55.0,Partly Cloudy,7.5,South,2.5,57.142857142857146,24.428571428571427,Lake Trout,2.0,2.0
2014-10-24,2014-10-24 09:00:00,2014-10-24 12:00:00,2014-10-24 10:30:00,2014.0,10.0,3.0,morning,fall,Lower Harbor,59.285714285714285,Overcast,9.642857142857142,South,2.5,60.0,24.428571428571427,Lake Trout,1.0,1.7142857142857142
2014-10-30,2014-10-30 09:00:00,2014-10-30 13:00:00,2014-10-30 11:00:00,2014.0,10.0,4.0,morning,fall,Picnic Rocks,45.0,Clear,7.5,South,2.7,60.0,23.0,Lake Trout,1.0,1.25
2014-11-01,2014-11-01 14:00:00,2014-11-01 18:00:00,2014-11-01 16:00:00,2014.0,11.0,4.0,afternoon,fall,White Rocks,35.0,Clear,7.5,South,2.5,74.0,23.8,Lake Trout,2.0,2.0
2014-11-03,2014-11-03 09:00:00,2014-11-03 12:00:00,2014-11-03 10:30:00,2014.0,11.0,3.0,morning,fall,Lower Harbor,35.0,Overcast,7.5,South,2.5,65.0,24.0,Lake Trout,1.0,0.6666666666666666
2015-04-15,2015-04-15 07:00:00,2015-04-15 09:00:00,2015-04-15 08:00:00,2015.0,4.0,2.0,morning,spring,Lower Harbor,65.0,Clear,12.5,South,2.5,50.0,25.0,Chinook,1.0,0.5
2015-04-16,2015-04-16 18:00:00,2015-04-16 21:00:00,2015-04-16 19:30:00,2015.0,4.0,3.0,evening,spring,Lower Harbor,65.0,Clear,2.5,South,2.7,50.0,23.0,Chinook,1.0,0.3333333333333333
2015-04-28,2015-04-28 17:00:00,2015-04-28 20:00:00,2015-04-28 18:30:00,2015.0,4.0,3.0,evening,spring,Lower Harbor,65.0,Partly Cloudy,2.5,South,2.5,70.0,23.0,Chinook,1.0,0.3333333333333333
2015-05-02,2015-05-02 07:00:00,2015-05-02 10:00:00,2015-05-02 08:30:00,2015.0,5.0,3.0,morning,spring,Lower Harbor,55.0,Overcast,2.5,South,2.1,60.0,23.0,Lake Trout,1.0,0.3333333333333333
2015-05-20,2015-05-20 19:00:00,2015-05-20 21:00:00,2015-05-20 20:00:00,2015.0,5.0,2.0,evening,spring,Lower Harbor,65.0,Overcast,2.5,East,2.5,70.0,21.0,Lake Trout,1.0,1.0
2015-05-24,2015-05-24 09:00:00,2015-05-24 14:00:00,2015-05-24 11:30:00,2015.0,5.0,5.0,morning,spring,Chocolay,65.0,Overcast,2.5,South,2.3,60.0,24.333333333333332,Lake Trout,2.0,0.8000000000000002
2015-05-27,2015-05-27 18:00:00,2015-05-27 21:00:00,2015-05-27 19:30:00,2015.0,5.0,3.0,evening,spring,Chocolay,65.0,Overcast,2.5,East,2.5,70.0,26.0,Lake Trout,1.75,1.3333333333333333
2015-06-06,2015-06-06 06:00:00,2015-06-06 14:00:00,2015-06-06 10:00:00,2015.0,6.0,8.0,morning,summer,Shot Point,55.0,Clear,3.75,East,2.05,152.5,22.0,Lake Trout,2.0,0.625
2015-06-08,2015-06-08 18:00:00,2015-06-08 20:00:00,2015-06-08 19:00:00,2015.0,6.0,2.0,evening,summer,Lower Harbor,65.0,Clear,2.5,South,2.5,70.0,23.0,Lake Trout,1.0,0.5
2015-06-09,2015-06-09 07:00:00,2015-06-09 14:00:00,2015-06-09 10:30:00,2015.0,6.0,7.0,morning,summer,Sand Hole,65.0,Clear,2.5,South,1.9,180.0,23.0,Lake Trout,3.0,1.5714285714285714
2015-06-14,2015-06-14 17:00:00,2015-06-14 21:00:00,2015-06-14 19:00:00,2015.0,6.0,4.0,evening,summer,Chocolay,65.0,Fog,2.5,East,2.5,60.0,21.5,Lake Trout,2.0,1.0
2015-06-17,2015-06-17 16:00:00,2015-06-17 20:00:00,2015-06-17 18:00:00,2015.0,6.0,4.0,evening,summer,Carp,55.0,Rain,2.5,East,2.5,60.0,20.0,Lake Trout,2.0,0.75
2015-06-27,2015-06-27 05:00:00,2015-06-27 11:00:00,2015-06-27 08:00:00,2015.0,6.0,6.0,morning,summer,AuTrain,55.0,Clear,2.5,East,2.5,30.0,25.0,Lake Trout,2.0,1.0
2015-07-02,2015-07-02 10:00:00,2015-07-02 14:00:00,2015-07-02 12:00:00,2015.0,7.0,4.0,afternoon,summer,White Rocks,65.0,Overcast,2.5,South,2.1,140.0,23.0,Lake Trout,3.0,0.75
2015-07-09,2015-07-09 18:00:00,2015-07-09 22:00:00,2015-07-09 20:00:00,2015.0,7.0,4.0,evening,summer,Chocolay,75.0,Overcast,2.5,South,2.5,90.0,22.333333333333332,Lake Trout,2.0,2.25
2015-07-10,2015-07-10 18:00:00,2015-07-10 21:00:00,2015-07-10 19:30:00,2015.0,7.0,3.0,evening,summer,Chocolay,75.0,Partly Cloudy,2.5,East,2.5,70.0,22.428571428571427,Lake Trout,4.0,2.3333333333333335
2015-07-12,2015-07-12 07:00:00,2015-07-12 15:00:00,2015-07-12 11:00:00,2015.0,7.0,8.0,morning,summer,Sand Hole,75.0,Clear,2.5,East,2.0,152.5,21.5,Lake Trout,3.0,0.625
2015-07-17,2015-07-17 17:00:00,2015-07-17 21:00:00,2015-07-17 19:00:00,2015.0,7.0,4.0,evening,summer,White Rocks,75.0,Partly Cloudy,2.5,South,1.9,160.0,19.5,Lake Trout,3.0,1.25
2015-07-18,2015-07-18 08:00:00,2015-07-18 12:00:00,2015-07-18 10:00:00,2015.0,7.0,4.0,morning,summer,Chocolay,65.0,Overcast,2.5,South,2.5,70.0,25.0,Lake Trout,1.0,1.0
2015-08-05,2015-08-05 17:00:00,2015-08-05 21:00:00,2015-08-05 19:00:00,2015.0,8.0,4.0,evening,summer,White Rocks,65.0,Clear,2.5,East,1.9,141.42857142857142,22.142857142857142,Lake Trout,5.0,2.5
2015-08-09,2015-08-09 08:00:00,2015-08-09 11:00:00,2015-08-09 09:30:00,2015.0,8.0,3.0,morning,summer,Lower Harbor,75.0,Partly Cloudy,2.5,South,2.3,80.0,19.0,Lake Trout,2.0,1.6666666666666667
2015-08-10,2015-08-10 19:00:00,2015-08-10 21:00:00,2015-08-10 20:00:00,2015.0,8.0,2.0,evening,summer,Lower Harbor,75.0,Rain,2.5,South,2.3,80.0,23.0,Lake Trout,1.0,1.0
2015-08-12,2015-08-12 18:00:00,2015-08-12 21:00:00,2015-08-12 19:30:00,2015.0,8.0,3.0,evening,summer,Lower Harbor,75.0,Partly Cloudy,2.5,East,2.3,120.0,22.0,Lake Trout,2.0,0.6666666666666666
2015-08-15,2015-08-15 07:00:00,2015-08-15 11:00:00,2015-08-15 09:00:00,2015.0,8.0,4.0,morning,summer,Lower Harbor,75.0,Clear,2.5,South,2.5,80.0,21.666666666666668,Lake Trout,1.0,0.75
2015-09-12,2015-09-12 08:00:00,2015-09-12 12:00:00,2015-09-12 10:00:00,2015.0,9.0,4.0,morning,fall,Sand Hole,75.0,Clear,2.5,South,1.9,170.0,21.0,Lake Trout,3.0,0.5
2015-09-26,2015-09-26 08:00:00,2015-09-26 10:00:00,2015-09-26 09:00:00,2015.0,9.0,2.0,morning,fall,Chocolay,65.0,Clear,7.5,South,2.3,80.0,21.0,Lake Trout,1.0,1.0
2015-09-28,2015-09-28 18:00:00,2015-09-28 21:00:00,2015-09-28 19:30:00,2015.0,9.0,3.0,evening,fall,Lower Harbor,65.0,Overcast,2.5,South,2.5,80.0,23.0,Lake Trout,1.0,2.0
2015-10-04,2015-10-04 09:00:00,2015-10-04 12:00:00,2015-10-04 10:30:00,2015.0,10.0,3.0,morning,fall,Lower Harbor,65.0,Overcast,2.5,South,2.5,67.5,21.0,Lake Trout,1.0,1.6666666666666667
2015-10-05,2015-10-05 08:00:00,2015-10-05 12:00:00,2015-10-05 10:00:00,2015.0,10.0,4.0,morning,fall,Chocolay,65.0,Overcast,2.5,South,2.5,50.0,25.0,Lake Trout,2.0,1.75
2015-10-06,2015-10-06 17:00:00,2015-10-06 20:00:00,2015-10-06 18:30:00,2015.0,10.0,3.0,evening,fall,Chocolay,65.0,Partly Cloudy,2.5,East,2.5,60.0,24.2,Lake Trout,2.0,1.6666666666666667
2015-10-11,2015-10-11 09:00:00,2015-10-11 14:00:00,2015-10-11 11:30:00,2015.0,10.0,5.0,morning,fall,Chocolay,75.0,Clear,12.5,South,2.5,70.0,25.0,Lake Trout,2.0,0.8000000000000002
2015-10-25,2015-10-25 09:00:00,2015-10-25 11:00:00,2015-10-25 10:00:00,2015.0,10.0,2.0,morning,fall,Lower Harbor,45.0,Overcast,10.833333333333334,North,2.7000000000000006,50.0,25.0,Lake Trout,1.0,0.8333333333333334
2015-10-26,2015-10-26 16:00:00,2015-10-26 19:00:00,2015-10-26 17:30:00,2015.0,10.0,2.8,afternoon,fall,Lower Harbor,45.0,Overcast,7.5,South,2.54,64.0,24.2,Lake Trout,1.0,2.2333333333333334
2015-10-30,2015-10-30 16:00:00,2015-10-30 18:00:00,2015-10-30 17:00:00,2015.0,10.0,2.0,afternoon,fall,Lower Harbor,45.0,Overcast,12.5,South,2.7000000000000006,60.0,23.666666666666668,Lake Trout,1.0,2.5
2015-11-01,2015-11-01 15:00:00,2015-11-01 18:00:00,2015-11-01 16:30:00,2015.0,11.0,3.0,afternoon,fall,Lower Harbor,45.0,Overcast,7.5,West,2.5,60.0,22.333333333333332,Lake Trout,1.0,1.3333333333333333
2015-11-02,2015-11-02 12:00:00,2015-11-02 16:00:00,2015-11-02 14:00:00,2015.0,11.0,4.0,afternoon,fall,Lower Harbor,65.0,Overcast,2.5,South,2.5,60.0,23.333333333333332,Lake Trout,1.0,2.0
2015-11-03,2015-11-03 08:00:00,2015-11-03 10:00:00,2015-11-03 09:00:00,2015.0,11.0,2.0,morning,fall,Lower Harbor,65.0,Overcast,2.5,South,2.5,70.0,23.0,Lake Trout,1.0,1.0
2015-11-11,2015-11-11 14:00:00,2015-11-11 17:00:00,2015-11-11 15:30:00,2015.0,11.0,3.0,afternoon,fall,Lower Harbor,55.0,Partly Cloudy,7.5,South,2.5,61.81818181818182,25.0,Lake Trout,2.0,5.0
2015-11-15,2015-11-15 09:00:00,2015-11-15 12:00:00,2015-11-15 10:30:00,2015.0,11.0,2.7142857142857144,morning,fall,Lower Harbor,55.0,Clear,3.2142857142857144,South,2.5,50.0,23.0,Lake Trout,1.0,4.285714285714286
2015-12-02,2015-12-02 13:00:00,2015-12-02 16:00:00,2015-12-02 14:30:00,2015.0,12.0,3.0,afternoon,winter,Lower Harbor,45.0,Clear,2.5,North,2.3,54.44444444444444,23.0,Lake Trout,2.0,3.3333333333333335
2015-12-04,2015-12-04 13:00:00,2015-12-04 16:00:00,2015-12-04 14:30:00,2015.0,12.0,3.0,afternoon,winter,Lower Harbor,45.0,Clear,7.5,South,2.5,50.0,21.0,Lake Trout,2.0,2.6666666666666665
2015-12-06,2015-12-06 09:00:00,2015-12-06 11:00:00,2015-12-06 10:00:00,2015.0,12.0,2.0,morning,winter,Lower Harbor,45.0,Overcast,9.642857142857142,West,2.5,50.0,23.285714285714285,Lake Trout,1.0,2.9285714285714284
2015-12-09,2015-12-09 09:00:00,2015-12-09 12:00:00,2015-12-09 10:30:00,2015.0,12.0,3.0,morning,winter,Lower Harbor,45.0,Overcast,2.5,West,2.3,50.0,23.0,Lake Trout,1.0,1.6666666666666667
2015-12-25,2015-12-25 13:00:00,2015-12-25 15:00:00,2015-12-25 14:00:00,2015.0,12.0,2.0,afternoon,winter,Lower Harbor,35.0,Overcast,7.5,West,2.3,50.0,21.0,Lake Trout,2.0,1.0
2016-03-12,2016-03-12 08:00:00,2016-03-12 12:00:00,2016-03-12 10:00:00,2016.0,3.0,4.0,morning,spring,Chocolay,45.0,Clear,7.5,West,2.7,50.0,18.5,Coho,2.0,1.25
2016-03-13,2016-03-13 08:00:00,2016-03-13 12:00:00,2016-03-13 10:00:00,2016.0,3.0,4.0,morning,spring,Chocolay,35.0,Overcast,7.5,South,2.5,60.0,19.0,Coho,2.0,0.75
2016-03-26,2016-03-26 12:00:00,2016-03-26 14:00:00,2016-03-26 13:00:00,2016.0,3.0,2.0,afternoon,spring,Lower Harbor,55.0,Overcast,12.5,South,2.7,60.0,19.0,Coho,1.0,1.5
2016-04-16,2016-04-16 07:00:00,2016-04-16 11:00:00,2016-04-16 09:00:00,2016.0,4.0,4.0,morning,spring,AuTrain,55.0,Clear,7.5,South,2.7,45.0,25.0,Lake Trout,2.0,0.75
2016-04-17,2016-04-17 08:00:00,2016-04-17 12:00:00,2016-04-17 10:00:00,2016.0,4.0,3.6666666666666665,morning,spring,Carp,65.0,Clear,7.5,South,2.5,50.0,21.333333333333332,Coho,1.1666666666666667,1.125
2016-04-19,2016-04-19 17:00:00,2016-04-19 20:00:00,2016-04-19 18:30:00,2016.0,4.0,3.0,evening,spring,Upper Harbor,45.0,Partly Cloudy,2.5,East,2.3,60.0,21.0,Lake Trout,2.0,0.3333333333333333
2016-04-20,2016-04-20 07:00:00,2016-04-20 10:00:00,2016-04-20 08:30:00,2016.0,4.0,3.0,morning,spring,Lower Harbor,45.0,Overcast,7.5,South,2.5,40.0,29.0,Chinook,2.0,0.6666666666666666
2016-04-23,2016-04-23 07:00:00,2016-04-23 13:00:00,2016-04-23 10:00:00,2016.0,4.0,6.0,morning,spring,Lower Harbor,40.0,Overcast,2.5,East,2.5,35.0,20.0,Coho,2.0,0.5
2016-05-21,2016-05-21 07:00:00,2016-05-21 11:00:00,2016-05-21 09:00:00,2016.0,5.0,4.0,morning,spring,Lower Harbor,55.0,Clear,2.5,West,2.9,50.0,19.0,Coho,1.0,0.5
2016-05-22,2016-05-22 08:00:00,2016-05-22 12:00:00,2016-05-22 10:00:00,2016.0,5.0,4.0,morning,spring,Shot Point,55.0,Clear,2.5,South,1.9,180.0,24.0,Lake Trout,4.0,0.75
2016-05-27,2016-05-27 18:00:00,2016-05-27 21:00:00,2016-05-27 19:30:00,2016.0,5.0,3.0,evening,spring,Lower Harbor,55.0,Fog,2.5,South,2.5,50.0,25.0,Lake Trout,3.0,0.3333333333333333
2016-05-29,2016-05-29 19:00:00,2016-05-29 20:00:00,2016-05-29 19:30:00,2016.0,5.0,1.0,evening,spring,Lower Harbor,65.0,Partly Cloudy,2.5,West,2.5,60.0,31.0,Chinook,1.0,1.0
2016-05-30,2016-05-30 07:00:00,2016-05-30 13:00:00,2016-05-30 10:00:00,2016.0,5.0,6.0,morning,spring,Lower Harbor,65.0,Clear,7.5,East,2.5,60.0,20.0,Lake Trout,2.0,0.5
2016-06-02,2016-06-02 19:00:00,2016-06-02 23:00:00,2016-06-02 21:00:00,2016.0,6.0,4.0,night,summer,Upper Harbor,55.0,Partly Cloudy,7.5,South,2.3,60.0,25.0,Lake Trout,2.0,0.5
2016-06-03,2016-06-03 08:00:00,2016-06-03 11:00:00,2016-06-03 09:30:00,2016.0,6.0,3.0,morning,summer,White Rocks,65.0,Overcast,2.5,South,2.3,65.0,21.0,Coho,1.0,1.0
2016-06-08,2016-06-08 18:00:00,2016-06-08 22:00:00,2016-06-08 20:00:00,2016.0,6.0,4.0,evening,summer,Chocolay,55.0,Partly Cloudy,2.5,South,2.3,72.5,25.5,Lake Trout,3.0,1.25
2016-06-09,2016-06-09 08:00:00,2016-06-09 10:00:00,2016-06-09 09:00:00,2016.0,6.0,2.0,morning,summer,Chocolay,65.0,Clear,2.5,South,2.5,80.0,25.0,Lake Trout,1.0,0.5
2016-06-12,2016-06-12 16:00:00,2016-06-12 19:00:00,2016-06-12 17:30:00,2016.0,6.0,3.0,afternoon,summer,White Rocks,65.0,Overcast,2.5,North,2.3,70.0,19.0,Coho,2.0,0.3333333333333333
2016-06-13,2016-06-13 18:00:00,2016-06-13 22:00:00,2016-06-13 20:00:00,2016.0,6.0,4.0,evening,summer,Chocolay,55.0,Overcast,2.5,East,2.3,70.0,23.0,Lake Trout,1.0,0.25
2016-06-17,2016-06-17 18:00:00,2016-06-17 21:00:00,2016-06-17 19:30:00,2016.0,6.0,3.0,evening,summer,Chocolay,75.0,Overcast,2.5,East,2.3,90.0,23.0,Lake Trout,2.0,1.3333333333333333
2016-06-18,2016-06-18 08:00:00,2016-06-18 10:00:00,2016-06-18 09:00:00,2016.0,6.0,1.7142857142857142,morning,summer,Chocolay,65.0,Clear,2.5,South,2.1857142857142855,128.57142857142858,22.142857142857142,Lake Trout,1.7142857142857142,1.7142857142857142
2016-06-24,2016-06-24 18:00:00,2016-06-24 22:00:00,2016-06-24 20:00:00,2016.0,6.0,4.0,evening,summer,White Rocks,65.0,Clear,2.5,South,2.3,86.66666666666667,21.666666666666668,Lake Trout,1.0,0.75
2016-06-29,2016-06-29 18:00:00,2016-06-29 22:00:00,2016-06-29 20:00:00,2016.0,6.0,3.6666666666666665,evening,summer,Shot Point,65.0,Partly Cloudy,2.5,East,2.3,140.0,23.333333333333332,Lake Trout,2.6666666666666665,1.3333333333333333
2016-07-02,2016-07-02 10:00:00,2016-07-02 15:00:00,2016-07-02 12:30:00,2016.0,7.0,5.0,afternoon,summer,Shot Point,65.0,Overcast,2.5,West,1.9,180.0,20.8,Lake Trout,2.0,2.0
2016-07-22,2016-07-22 18:00:00,2016-07-22 21:00:00,2016-07-22 19:30:00,2016.0,7.0,3.0,evening,summer,Seul Choix Pt,85.0,Clear,7.5,West,2.5,80.0,22.5,Chinook,2.0,1.3333333333333333
2016-07-23,2016-07-23 06:00:00,2016-07-23 10:00:00,2016-07-23 08:00:00,2016.0,7.0,4.0,morning,summer,Seul Choix Pt,75.0,Clear,2.5,North,2.5,80.0,23.0,Chinook,2.0,1.0
2016-07-29,2016-07-29 17:00:00,2016-07-29 21:00:00,2016-07-29 19:00:00,2016.0,7.0,4.0,evening,summer,Fairport,85.0,Clear,7.5,South,2.3,100.0,19.0,Chinook,2.0,0.25
2016-07-30,2016-07-30 05:00:00,2016-07-30 10:00:00,2016-07-30 07:30:00,2016.0,7.0,5.0,morning,summer,Seul Choix Pt,75.0,Clear,2.5,South,2.3,90.0,25.0,Chinook,2.0,0.4
2016-10-09,2016-10-09 16:00:00,2016-10-09 20:00:00,2016-10-09 18:00:00,2016.0,10.0,4.0,evening,fall,Lower Harbor,51.666666666666664,Overcast,4.166666666666667,South,2.5,55.0,26.666666666666668,Steelhead,2.6666666666666665,1.0833333333333333
2016-10-18,2016-10-18 16:00:00,2016-10-18 20:00:00,2016-10-18 18:00:00,2016.0,10.0,4.0,evening,fall,Lower Harbor,55.0,Overcast,2.5,South,2.5,70.0,27.0,Other,1.0,0.75
2016-10-20,2016-10-20 16:00:00,2016-10-20 20:00:00,2016-10-20 18:00:00,2016.0,10.0,4.0,evening,fall,Lower Harbor,55.0,Overcast,2.5,South,2.5,70.0,15.0,Other,2.0,0.25
2016-10-30,2016-10-30 16:00:00,2016-10-30 20:00:00,2016-10-30 18:00:00,2016.0,10.0,4.0,evening,fall,Lower Harbor,55.0,Overcast,2.5,South,2.5,60.0,27.0,Steelhead,1.0,0.5
2016-11-05,2016-11-05 08:00:00,2016-11-05 11:00:00,2016-11-05 09:30:00,2016.0,11.0,3.0,morning,fall,Chocolay,65.0,Clear,2.5,South,2.5,70.0,26.25,Lake Trout,1.625,1.7916666666666667
2016-11-06,2016-11-06 09:00:00,2016-11-06 11:00:00,2016-11-06 10:00:00,2016.0,11.0,2.0,morning,fall,White Rocks,65.0,Clear,7.5,West,2.5,86.66666666666667,24.333333333333332,Lake Trout,2.0,0.8333333333333334
2016-11-09,2016-11-09 16:00:00,2016-11-09 19:00:00,2016-11-09 17:30:00,2016.0,11.0,3.0,afternoon,fall,Lower Harbor,65.0,Clear,7.5,West,2.5,70.0,25.0,Lake Trout,1.0,2.0
2016-11-15,2016-11-15 08:00:00,2016-11-15 11:00:00,2016-11-15 09:30:00,2016.0,11.0,3.0,morning,fall,Lower Harbor,45.0,Overcast,7.5,South,2.5,60.0,25.0,Lake Trout,2.0,1.3333333333333333
2016-11-16,2016-11-16 11:00:00,2016-11-16 16:00:00,2016-11-16 13:30:00,2016.0,11.0,5.0,afternoon,fall,Chocolay,61.0,Overcast,2.5,South,2.5,60.0,24.6,Lake Trout,2.0,1.2
2016-11-17,2016-11-17 15:00:00,2016-11-17 17:00:00,2016-11-17 16:00:00,2016.0,11.0,1.6666666666666667,afternoon,fall,Lower Harbor,65.0,Overcast,2.5,South,2.5,60.0,22.733333333333334,Lake Trout,1.6666666666666667,7.666666666666667
2016-11-24,2016-11-24 10:00:00,2016-11-24 15:00:00,2016-11-24 12:30:00,2016.0,11.0,5.0,afternoon,fall,Lower Harbor,35.0,Overcast,7.5,North,2.5,60.0,21.0,Lake Trout,1.0,1.6
2016-11-25,2016-11-25 13:00:00,2016-11-25 16:00:00,2016-11-25 14:30:00,2016.0,11.0,3.0,afternoon,fall,Lower Harbor,35.0,Overcast,2.5,West,2.5,53.333333333333336,21.0,Lake Trout,1.0,1.3333333333333333
2016-11-26,2016-11-26 09:00:00,2016-11-26 15:00:00,2016-11-26 12:00:00,2016.0,11.0,6.0,afternoon,fall,Lower Harbor,45.0,Partly Cloudy,4.5,West,2.5,60.0,24.0,Lake Trout,2.0,2.0
2016-11-27,2016-11-27 09:00:00,2016-11-27 11:00:00,2016-11-27 10:00:00,2016.0,11.0,2.0,morning,fall,Lower Harbor,45.0,Fog,7.5,South,2.5,70.0,23.529789419619927,Lake Trout,1.0,1.5
2016-12-03,2016-12-03 12:00:00,2016-12-03 16:00:00,2016-12-03 14:00:00,2016.0,12.0,4.0,afternoon,winter,Lower Harbor,35.0,Overcast,2.5,North,2.3,55.0,23.0,Lake Trout,2.0,2.75
2016-12-05,2016-12-05 12:00:00,2016-12-05 14:00:00,2016-12-05 13:00:00,2016.0,12.0,2.0,afternoon,winter,Lower Harbor,35.0,Clear,12.5,West,2.5,60.0,16.0,Other,1.0,1.0
2017-04-02,2017-04-02 09:00:00,2017-04-02 12:00:00,2017-04-02 10:30:00,2017.0,4.0,3.0,morning,spring,Chocolay,45.0,Clear,7.5,South,2.5,50.0,17.0,Coho,1.0,0.3333333333333333
2017-04-08,2017-04-08 09:00:00,2017-04-08 11:00:00,2017-04-08 10:00:00,2017.0,4.0,2.0,morning,spring,Chocolay,45.0,Clear,7.5,South,2.5,43.333333333333336,17.0,Coho,1.0,1.5
2017-04-13,2017-04-13 10:00:00,2017-04-13 13:00:00,2017-04-13 11:30:00,2017.0,4.0,3.0,morning,spring,Carp,55.0,Clear,2.5,South,2.5,40.0,23.0,Other,1.0,0.3333333333333333
2017-05-10,2017-05-10 09:00:00,2017-05-10 13:00:00,2017-05-10 11:00:00,2017.0,5.0,4.0,morning,spring,Sand Hole,55.0,Clear,2.5,East,2.1,210.0,25.0,Lake Trout,1.0,0.25
2017-05-12,2017-05-12 16:00:00,2017-05-12 19:00:00,2017-05-12 17:30:00,2017.0,5.0,3.0,afternoon,spring,White Rocks,55.0,Clear,2.5,South,2.1,190.0,23.0,Lake Trout,1.0,2.0
2017-05-13,2017-05-13 08:00:00,2017-05-13 12:00:00,2017-05-13 10:00:00,2017.0,5.0,4.0,morning,spring,White Rocks,55.0,Clear,2.5,North,1.9,190.0,19.0,Lake Trout,2.0,0.25
2017-05-26,2017-05-26 07:00:00,2017-05-26 11:00:00,2017-05-26 09:00:00,2017.0,5.0,4.0,morning,spring,Sand Hole,55.0,Partly Cloudy,2.5,South,1.9,190.0,23.0,Lake Trout,2.0,2.0
2017-06-01,2017-06-01 16:00:00,2017-06-01 19:00:00,2017-06-01 17:30:00,2017.0,6.0,3.0,afternoon,summer,Lower Harbor,65.0,Partly Cloudy,2.5,South,2.5,60.0,21.0,Coho,1.0,0.6666666666666666
2017-06-02,2017-06-02 18:00:00,2017-06-02 20:00:00,2017-06-02 19:00:00,2017.0,6.0,2.0,evening,summer,Lower Harbor,65.0,Partly Cloudy,2.5,North,2.5,60.0,27.0,Other,1.0,0.5
2017-06-24,2017-06-24 05:00:00,2017-06-24 10:00:00,2017-06-24 07:30:00,2017.0,6.0,5.0,morning,summer,Seul Choix Pt,55.0,Overcast,4.5,North,2.5,98.0,29.8,Chinook,2.0,1.2
2017-07-30,2017-07-30 08:00:00,2017-07-30 09:00:00,2017-07-30 08:30:00,2017.0,7.0,1.0,morning,summer,Shot Point,65.0,Overcast,2.5,West,2.5,60.0,21.0,Coho,1.0,1.0
2017-08-26,2017-08-26 08:00:00,2017-08-26 09:00:00,2017-08-26 08:30:00,2017.0,8.0,1.0,morning,summer,Picnic Rocks,75.0,Overcast,7.5,West,2.3,60.0,29.0,Other,1.0,1.0
2017-08-29,2017-08-29 19:00:00,2017-08-29 21:00:00,2017-08-29 20:00:00,2017.0,8.0,2.0,evening,summer,Chocolay,75.0,Clear,2.5,West,2.3,60.0,21.0,Lake Trout,1.0,0.5
2017-10-05,2017-10-05 17:00:00,2017-10-05 19:00:00,2017-10-05 18:00:00,2017.0,10.0,2.0,evening,fall,Lower Harbor,65.0,Clear,2.5,South,2.5,40.0,21.0,Coho,2.0,1.0
2017-10-06,2017-10-06 07:00:00,2017-10-06 10:00:00,2017-10-06 08:30:00,2017.0,10.0,3.0,morning,fall,Lower Harbor,55.0,Clear,2.5,West,2.5,56.0,21.0,Coho,1.0,2.0
2017-10-13,2017-10-13 15:00:00,2017-10-13 18:00:00,2017-10-13 16:30:00,2017.0,10.0,3.0,afternoon,fall,Lower Harbor,65.0,Clear,2.5,South,2.7,50.0,21.0,Coho,1.0,1.0
2017-10-23,2017-10-23 16:00:00,2017-10-23 18:00:00,2017-10-23 17:00:00,2017.0,10.0,2.0,afternoon,fall,Lower Harbor,65.0,Overcast,12.5,South,2.7000000000000006,53.333333333333336,22.333333333333332,Lake Trout,1.0,2.5
2017-11-02,2017-11-02 14:00:00,2017-11-02 17:00:00,2017-11-02 15:30:00,2017.0,11.0,3.0,afternoon,fall,Lower Harbor,45.0,Overcast,12.5,West,2.5,50.0,24.666666666666668,Lake Trout,2.0,2.3333333333333335
2017-11-05,2017-11-05 08:00:00,2017-11-05 12:00:00,2017-11-05 10:00:00,2017.0,11.0,4.0,morning,fall,Lower Harbor,45.0,Overcast,7.5,West,2.5,50.0,24.0,Lake Trout,2.0,2.0
2018-05-26,2018-05-26 07:00:00,2018-05-26 09:00:00,2018-05-26 08:00:00,2018.0,5.0,2.0,morning,spring,Chocolay,65.0,Clear,2.5,West,2.9,48.0,17.4,Coho,1.0,2.5
2018-05-27,2018-05-27 06:00:00,2018-05-27 10:00:00,2018-05-27 08:00:00,2018.0,5.0,4.0,morning,spring,Chocolay,65.0,Fog,2.5,South,2.9,50.0,18.0,Steelhead,1.0,1.25
2018-05-28,2018-05-28 09:00:00,2018-05-28 12:00:00,2018-05-28 10:30:00,2018.0,5.0,3.0,morning,spring,Chocolay,65.0,Partly Cloudy,2.5,North,2.7,50.0,17.8,Coho,2.0,2.3333333333333335
2018-06-03,2018-06-03 07:00:00,2018-06-03 11:00:00,2018-06-03 09:00:00,2018.0,6.0,4.0,morning,summer,Lower Harbor,45.0,Overcast,2.5,South,2.5,50.0,17.0,Coho,2.0,0.5
2018-06-19,2018-06-19 18:00:00,2018-06-19 21:00:00,2018-06-19 19:30:00,2018.0,6.0,3.0,evening,summer,Upper Harbor,65.0,Clear,2.5,North,2.7,60.0,17.0,Coho,1.0,0.6666666666666666
2018-06-23,2018-06-23 07:00:00,2018-06-23 11:00:00,2018-06-23 09:00:00,2018.0,6.0,4.0,morning,summer,Shot Point,65.0,Clear,2.5,East,2.1,180.0,23.0,Lake Trout,2.0,1.5
2018-06-30,2018-06-30 07:00:00,2018-06-30 12:00:00,2018-06-30 09:30:00,2018.0,6.0,5.0,morning,summer,Seul Choix Pt,75.0,Overcast,7.5,South,2.5,100.0,27.0,Lake Trout,2.0,0.2
2018-07-04,2018-07-04 07:00:00,2018-07-04 11:00:00,2018-07-04 09:00:00,2018.0,7.0,4.0,morning,summer,Shot Point,75.0,Clear,2.5,South,1.8999999999999997,170.0,19.0,Lake Trout,2.0,3.0
2018-07-14,2018-07-14 16:00:00,2018-07-14 21:00:00,2018-07-14 18:30:00,2018.0,7.0,5.0,evening,summer,Seul Choix Pt,75.0,Fog,2.5,South,2.5,100.0,21.0,Chinook,2.0,0.2
2018-07-19,2018-07-19 07:00:00,2018-07-19 11:00:00,2018-07-19 09:00:00,2018.0,7.0,4.0,morning,summer,Shot Point,65.0,Clear,7.5,South,2.1,170.0,19.8,Lake Trout,2.0,2.5
2018-07-24,2018-07-24 07:00:00,2018-07-24 11:00:00,2018-07-24 09:00:00,2018.0,7.0,4.0,morning,summer,Shot Point,75.0,Clear,2.5,West,2.1,180.0,19.0,Lake Trout,2.0,2.5
2018-07-29,2018-07-29 07:00:00,2018-07-29 10:00:00,2018-07-29 08:30:00,2018.0,7.0,3.0,morning,summer,Shot Point,65.0,Clear,2.5,West,2.1,180.0,18.272727272727273,Lake Trout,2.0,3.666666666666666
2018-07-31,2018-07-31 07:00:00,2018-07-31 11:00:00,2018-07-31 09:00:00,2018.0,7.0,4.0,morning,summer,Shot Point,65.0,Clear,2.5,South,2.1,180.0,18.333333333333332,Lake Trout,2.0,2.5
2018-08-08,2018-08-08 07:00:00,2018-08-08 10:00:00,2018-08-08 08:30:00,2018.0,8.0,3.0,morning,summer,Shot Point,65.0,Overcast,2.5,South,2.1,168.0,19.2,Lake Trout,2.0,3.6666666666666665
2018-08-12,2018-08-12 07:00:00,2018-08-12 08:00:00,2018-08-12 07:30:00,2018.0,8.0,1.3333333333333333,morning,summer,Shot Point,68.33333333333333,Clear,2.5,South,2.1666666666666665,161.66666666666666,19.333333333333332,Lake Trout,2.0,8.444444444444445
2018-08-17,2018-08-17 07:00:00,2018-08-17 09:00:00,2018-08-17 08:00:00,2018.0,8.0,2.0,morning,summer,Shot Point,65.0,Overcast,2.5,North,2.1,180.0,18.454545454545453,Lake Trout,2.0,7.0
2018-08-19,2018-08-19 07:00:00,2018-08-19 10:00:00,2018-08-19 08:30:00,2018.0,8.0,3.0,morning,summer,Shot Point,65.0,Overcast,8.5,South,2.22,158.0,21.0,Lake Trout,2.0,3.3333333333333335
2018-08-30,2018-08-30 07:00:00,2018-08-30 10:00:00,2018-08-30 08:30:00,2018.0,8.0,3.0,morning,summer,Shot Point,45.0,Clear,7.5,South,2.3,180.0,20.09090909090909,Lake Trout,2.0,3.666666666666666
2018-09-02,2018-09-02 07:00:00,2018-09-02 11:00:00,2018-09-02 09:00:00,2018.0,9.0,4.0,morning,fall,Shot Point,65.0,Overcast,3.0,South,2.16,168.0,18.2,Lake Trout,2.0,3.0
2018-09-07,2018-09-07 07:00:00,2018-09-07 11:00:00,2018-09-07 09:00:00,2018.0,9.0,4.2,morning,fall,Chocolay,65.0,Clear,2.5,North,2.5,68.0,22.6,Lake Trout,2.0,1.44
2018-09-15,2018-09-15 07:00:00,2018-09-15 14:00:00,2018-09-15 10:30:00,2018.0,9.0,7.0,morning,fall,Shot Point,65.0,Overcast,2.5,South,2.1,180.0,20.11111111111111,Lake Trout,2.0,1.2857142857142858
2018-09-29,2018-09-29 12:00:00,2018-09-29 17:00:00,2018-09-29 14:30:00,2018.0,9.0,5.0,afternoon,fall,Lower Harbor,45.0,Overcast,12.5,West,2.7,60.0,21.142857142857142,Coho,2.0,3.4
2018-09-30,2018-09-30 08:00:00,2018-09-30 15:00:00,2018-09-30 11:30:00,2018.0,9.0,7.0,morning,fall,Lower Harbor,45.0,Overcast,2.5,West,2.7,60.0,22.0,Lake Trout,2.0,0.7142857142857143
2018-10-05,2018-10-05 13:00:00,2018-10-05 18:00:00,2018-10-05 15:30:00,2018.0,10.0,5.0,afternoon,fall,Lower Harbor,45.0,Overcast,2.5,East,2.7,50.0,21.2,Coho,2.0,2.4
2018-10-06,2018-10-06 08:00:00,2018-10-06 14:00:00,2018-10-06 11:00:00,2018.0,10.0,6.0,morning,fall,Lower Harbor,45.0,Overcast,7.5,North,2.7,43.333333333333336,23.0,Lake Trout,2.0,1.6666666666666667
2019-05-12,2019-05-12 07:00:00,2019-05-12 09:00:00,2019-05-12 08:00:00,2019.0,5.0,2.0,morning,spring,Chocolay,65.0,Clear,2.5,West,2.9,50.0,15.0,Coho,2.0,0.0
2019-05-14,2019-05-14 08:00:00,2019-05-14 11:00:00,2019-05-14 09:30:00,2019.0,5.0,3.0,morning,spring,Shot Point,45.0,Partly Cloudy,7.5,East,2.1,180.0,22.0,Lake Trout,2.0,2.6666666666666665
2019-05-23,2019-05-23 07:00:00,2019-05-23 11:00:00,2019-05-23 09:00:00,2019.0,5.0,4.0,morning,spring,Lower Harbor,55.0,Partly Cloudy,12.5,West,2.7,40.0,22.0,Lake Trout,2.0,0.5
2019-05-25,2019-05-25 06:00:00,2019-05-25 11:00:00,2019-05-25 08:30:00,2019.0,5.0,5.0,morning,spring,Chocolay,55.0,Partly Cloudy,7.5,West,2.7,50.0,23.0,Lake Trout,2.0,0.2
2019-05-26,2019-05-26 09:00:00,2019-05-26 11:00:00,2019-05-26 10:00:00,2019.0,5.0,2.0,morning,spring,Upper Harbor,55.0,Clear,2.5,East,2.7,50.0,17.0,Coho,1.0,0.5
2019-05-27,2019-05-27 07:00:00,2019-05-27 12:00:00,2019-05-27 09:30:00,2019.0,5.0,5.0,morning,spring,Shot Point,45.0,Partly Cloudy,2.5,North,2.1,180.0,21.0,Lake Trout,2.0,2.0
2019-05-31,2019-05-31 08:00:00,2019-05-31 11:00:00,2019-05-31 09:30:00,2019.0,5.0,3.0,morning,spring,Shot Point,45.0,Overcast,2.5,South,2.1,190.0,23.0,Lake Trout,2.0,3.3333333333333335
2019-06-06,2019-06-06 07:00:00,2019-06-06 11:00:00,2019-06-06 09:00:00,2019.0,6.0,4.0,morning,summer,Shot Point,55.0,Clear,2.5,North,2.1,190.0,21.181818181818183,Lake Trout,2.0,3.0
2019-06-07,2019-06-07 07:00:00,2019-06-07 09:00:00,2019-06-07 08:00:00,2019.0,6.0,2.0,morning,summer,Shot Point,55.0,Clear,7.5,East,2.1,190.0,21.363636363636363,Lake Trout,2.0,5.5
2019-06-16,2019-06-16 06:00:00,2019-06-16 09:00:00,2019-06-16 07:30:00,2019.0,6.0,3.0,morning,summer,Shot Point,45.0,Overcast,7.5,North,2.1,190.0,21.0,Lake Trout,2.0,3.666666666666666
2019-06-20,2019-06-20 07:00:00,2019-06-20 08:00:00,2019-06-20 07:30:00,2019.0,6.0,1.0,morning,summer,Shot Point,55.0,Clear,12.5,North,2.3,200.0,17.0,Lake Trout,2.0,1.0
2019-06-21,2019-06-21 07:00:00,2019-06-21 11:00:00,2019-06-21 09:00:00,2019.0,6.0,4.0,morning,summer,Shot Point,55.0,Clear,2.5,North,2.1,185.0,19.0,Lake Trout,2.0,1.5
2019-06-29,2019-06-29 07:00:00,2019-06-29 10:00:00,2019-06-29 08:30:00,2019.0,6.0,3.0,morning,summer,Shot Point,75.0,Clear,2.5,East,2.1,180.0,21.2,Lake Trout,2.0,3.6666666666666665
2019-06-30,2019-06-30 07:00:00,2019-06-30 11:00:00,2019-06-30 09:00:00,2019.0,6.0,4.0,morning,summer,Shot Point,55.0,Overcast,2.5,East,2.1,180.0,16.0,Lake Trout,2.0,1.0
2019-07-03,2019-07-03 07:00:00,2019-07-03 11:00:00,2019-07-03 09:00:00,2019.0,7.0,4.0,morning,summer,Shot Point,75.0,Clear,2.5,South,2.1,206.66666666666666,17.0,Lake Trout,2.0,0.75
2019-07-07,2019-07-07 07:00:00,2019-07-07 12:00:00,2019-07-07 09:30:00,2019.0,7.0,5.0,morning,summer,Shot Point,65.0,Overcast,7.5,North,2.3,180.0,21.0,Lake Trout,2.0,1.8
2019-07-14,2019-07-14 07:00:00,2019-07-14 11:00:00,2019-07-14 09:00:00,2019.0,7.0,4.0,morning,summer,Shot Point,65.0,Clear,7.5,South,2.1,180.0,22.0,Lake Trout,2.0,2.5
2019-07-17,2019-07-17 07:00:00,2019-07-17 11:00:00,2019-07-17 09:00:00,2019.0,7.0,4.0,morning,summer,Shot Point,65.0,Clear,7.5,South,2.1,180.0,23.0,Lake Trout,2.0,2.0
2019-07-25,2019-07-25 08:00:00,2019-07-25 12:00:00,2019-07-25 10:00:00,2019.0,7.0,4.0,morning,summer,Shot Point,75.0,Clear,2.5,South,2.1,190.0,21.25,Lake Trout,2.0,2.5
2019-08-01,2019-08-01 07:00:00,2019-08-01 11:00:00,2019-08-01 09:00:00,2019.0,8.0,4.0,morning,summer,Shot Point,65.0,Clear,2.5,South,2.3,190.0,21.0,Lake Trout,2.0,3.0
2019-08-10,2019-08-10 07:00:00,2019-08-10 12:00:00,2019-08-10 09:30:00,2019.0,8.0,5.0,morning,summer,Sand Hole,75.0,Clear,7.5,South,2.3,190.0,18.428571428571427,Lake Trout,2.0,2.0
2019-08-15,2019-08-15 07:00:00,2019-08-15 11:00:00,2019-08-15 09:00:00,2019.0,8.0,4.0,morning,summer,Shot Point,65.0,Overcast,2.5,South,2.1,190.0,20.625,Lake Trout,3.0,4.25
2019-09-14,2019-09-14 07:00:00,2019-09-14 11:00:00,2019-09-14 09:00:00,2019.0,9.0,4.0,morning,fall,Lower Harbor,65.0,Clear,7.5,South,2.7,60.0,21.5,Lake Trout,2.0,1.75
2019-09-19,2019-09-19 13:00:00,2019-09-19 19:00:00,2019-09-19 16:00:00,2019.0,9.0,6.0,afternoon,fall,Lower Harbor,65.0,Partly Cloudy,7.5,South,2.7,62.5,22.5,Lake Trout,2.0,1.1666666666666667
2019-09-20,2019-09-20 13:00:00,2019-09-20 19:00:00,2019-09-20 16:00:00,2019.0,9.0,6.0,afternoon,fall,Lower Harbor,65.0,Partly Cloudy,7.5,South,2.7,70.0,21.0,Steelhead,2.0,0.16666666666666666
2019-09-22,2019-09-22 08:00:00,2019-09-22 13:00:00,2019-09-22 10:30:00,2019.0,9.0,5.0,morning,fall,Lower Harbor,75.0,Overcast,7.5,South,2.5,60.0,22.8,Lake Trout,2.0,2.4
2019-10-10,2019-10-10 08:00:00,2019-10-10 13:00:00,2019-10-10 10:30:00,2019.0,10.0,5.0,morning,fall,Lower Harbor,55.0,Partly Cloudy,12.5,South,2.5,50.0,22.333333333333332,Lake Trout,2.0,3.6
2019-10-15,2019-10-15 08:00:00,2019-10-15 12:00:00,2019-10-15 10:00:00,2019.0,10.0,4.0,morning,fall,Lower Harbor,55.0,Overcast,7.5,South,2.7,47.142857142857146,23.857142857142858,Coho,2.0,2.5
2019-10-20,2019-10-20 08:00:00,2019-10-20 15:00:00,2019-10-20 11:30:00,2019.0,10.0,7.0,morning,fall,Lower Harbor,55.0,Clear,7.5,South,2.7,60.0,21.25,Steelhead,2.0,1.7142857142857142
2019-10-26,2019-10-26 09:00:00,2019-10-26 13:00:00,2019-10-26 11:00:00,2019.0,10.0,4.0,morning,fall,Lower Harbor,35.0,Partly Cloudy,12.5,West,2.5,45.0,24.0,Steelhead,2.0,0.5
2020-05-22,2020-05-22 09:00:00,2020-05-22 12:00:00,2020-05-22 10:30:00,2020.0,5.0,3.0,morning,spring,Lower Harbor,65.0,Clear,2.5,South,2.4168925964546406,50.0,23.0,Lake Trout,1.0,0.3333333333333333
2020-05-23,2020-05-23 09:00:00,2020-05-23 12:00:00,2020-05-23 10:30:00,2020.0,5.0,3.0,morning,spring,Lower Harbor,65.0,Clear,2.5,South,2.4168925964546406,60.0,24.0,Lake Trout,1.0,0.6666666666666666
2020-08-01,2020-08-01 07:00:00,2020-08-01 11:00:00,2020-08-01 09:00:00,2020.0,8.0,4.0,morning,summer,Shot Point,65.0,Clear,2.5,South,2.4168925964546406,197.77777777777777,18.77777777777778,Lake Trout,2.0,2.25
2020-09-22,2020-09-22 14:00:00,2020-09-22 17:00:00,2020-09-22 15:30:00,2020.0,9.0,3.0,afternoon,fall,Lower Harbor,65.0,Clear,2.5,South,2.4168925964546406,63.0,23.0,Lake Trout,1.0,1.6666666666666667
2020-09-23,2020-09-23 11:00:00,2020-09-23 14:00:00,2020-09-23 12:30:00,2020.0,9.0,3.0,afternoon,fall,Sand Hole,65.0,Clear,2.5,South,2.4168925964546406,170.0,18.333333333333332,Lake Trout,1.0,1.0
2020-09-30,2020-09-30 15:00:00,2020-09-30 18:00:00,2020-09-30 16:30:00,2020.0,9.0,3.0,afternoon,fall,Lower Harbor,65.0,Rain,7.5,South,2.4168925964546406,60.0,21.0,Coho,2.0,0.3333333333333333
2020-10-03,2020-10-03 09:00:00,2020-10-03 12:00:00,2020-10-03 10:30:00,2020.0,10.0,3.0,morning,fall,Lower Harbor,45.0,Overcast,7.5,South,2.4168925964546406,60.0,21.666666666666668,Other,2.0,1.0
2020-10-19,2020-10-19 15:00:00,2020-10-19 18:00:00,2020-10-19 16:30:00,2020.0,10.0,3.0,afternoon,fall,Lower Harbor,35.0,Overcast,7.5,North,2.4168925964546406,60.0,24.0,Lake Trout,2.0,2.0
